"","baseMean","log2FoldChange","lfcSE","stat","pvalue","padj","Comp","Kingdom","Phylum","Class","Order","Family","Genus","Species"
"ASV1491",31.6193703251854,-24.1782403798113,3.96878263327687,-6.09210496364432,1.11435575475997e-09,5.27090272001464e-07,"GFE","Bacteria","Firmicutes","Bacilli","Lactobacillales","Lactobacillaceae","Levilactobacillus","Unclassified"
"ASV31",151.510791674661,8.01607196191046,2.03963322824673,3.9301536427709,8.4891598595276e-05,0.0169453039483178,"GFE","Bacteria","Proteobacteria","Gammaproteobacteria","Enterobacterales","Succinivibrionaceae","Succinivibrionaceae UCG-002","Unclassified"
"ASV47",308.031789121878,6.87622143461689,1.91555978732618,3.58966683269907,0.000331100870332749,0.0169453039483178,"GFE","Bacteria","Bacteroidota","Bacteroidia","Bacteroidales","Prevotellaceae","Prevotella","Unclassified"
"ASV54",141.648103659564,6.84980227161181,1.79901778382678,3.80752337925267,0.000140365472694652,0.0169453039483178,"GFE","Bacteria","Bacteroidota","Bacteroidia","Bacteroidales","Prevotellaceae","Unclassified","Unclassified"
"ASV62",221.030007332637,6.90515198662748,1.86521493172546,3.70206771840482,0.000213849518812763,0.0169453039483178,"GFE","Bacteria","Firmicutes","Clostridia","Lachnospirales","Lachnospiraceae","Pseudobutyrivibrio","Unclassified"
"ASV93",154.935662750717,6.55675711009277,1.79591107236685,3.65093640268699,0.000261285939317835,0.0169453039483178,"GFE","Bacteria","Bacteroidota","Bacteroidia","Bacteroidales","Prevotellaceae","Prevotella","Unclassified"
"ASV160",84.0258938790696,9.22266734629411,2.58405387736205,3.56906929344257,0.000358251669097628,0.0169453039483178,"GFE","Bacteria","Proteobacteria","Gammaproteobacteria","Enterobacterales","Succinivibrionaceae","Ruminobacter","Unclassified"
"ASV170",90.474655476014,6.86301600710027,1.89118997544427,3.62894055923072,0.000284586752681666,0.0169453039483178,"GFE","Bacteria","Bacteroidota","Bacteroidia","Bacteroidales","Prevotellaceae","Prevotellaceae YAB2003 group","Unclassified"
"ASV265",41.867359076372,7.41618146400121,2.0419852910365,3.63184862131734,0.000281398182213464,0.0169453039483178,"GFE","Bacteria","Bacteroidota","Bacteroidia","Bacteroidales","Bacteroidales RF16 group","Unclassified","Unclassified"
"ASV275",51.5676465932971,6.92116645989271,1.92552326460981,3.59443408817769,0.000325097429899544,0.0169453039483178,"GFE","Bacteria","Bacteroidota","Bacteroidia","Bacteroidales","Prevotellaceae","Prevotella","Unclassified"
"ASV10",655.446292283825,5.22340773123584,1.53166885715288,3.41027220527633,0.000648980719913225,0.017053771139942,"GFE","Bacteria","Bacteroidota","Bacteroidia","Bacteroidales","Prevotellaceae","Prevotella","ruminicola"
"ASV28",331.722077666744,5.78644486144262,1.66404684618047,3.47733290966201,0.000506428590792861,0.017053771139942,"GFE","Bacteria","Bacteroidota","Bacteroidia","Bacteroidales","Prevotellaceae","Prevotella","Unclassified"
"ASV71",138.942635753532,6.58202626874252,1.90905762300146,3.4477881596859,0.000565197143720191,0.017053771139942,"GFE","Bacteria","Bacteroidota","Bacteroidia","Bacteroidales","Prevotellaceae","Prevotella","Unclassified"
"ASV144",170.870219657169,7.3602377499687,2.13223987045831,3.45188074378643,0.000556693716862395,0.017053771139942,"GFE","Bacteria","Bacteroidota","Bacteroidia","Bacteroidales","Prevotellaceae","Prevotella","Unclassified"
"ASV180",60.6953481337021,7.45018406256112,2.17321742821248,3.42818162869652,0.00060763878043526,0.017053771139942,"GFE","Bacteria","Bacteroidota","Bacteroidia","Bacteroidales","Unclassified","Unclassified","Unclassified"
"ASV192",534.006874997235,-7.88616506206534,2.29273851174106,-3.43962690105325,0.000582516620381333,0.017053771139942,"GFE","Bacteria","Firmicutes","Bacilli","Lactobacillales","Lactobacillaceae","Levilactobacillus","Unclassified"
"ASV279",49.1391463309021,7.43355663249725,2.1524803374115,3.45348410542815,0.000553394914161243,0.017053771139942,"GFE","Bacteria","Firmicutes","Clostridia","Lachnospirales","Lachnospiraceae","Shuttleworthia","Unclassified"
"ASV400",41.5146112370448,7.77223561757172,2.26874261038053,3.42578994285655,0.000613014267511884,0.017053771139942,"GFE","Bacteria","Bacteroidota","Bacteroidia","Bacteroidales","Prevotellaceae","Prevotella","Unclassified"
"ASV365",692.891789729208,-9.43054699067444,2.79885853895067,-3.36942609261348,0.000753248885150125,0.0183333528336249,"GFE","Bacteria","Firmicutes","Bacilli","Lactobacillales","Lactobacillaceae","Unclassified","Unclassified"
"ASV556",217.948851029291,-7.22334303114541,2.14884313099137,-3.36150318604827,0.000775194622986253,0.0183333528336249,"GFE","Bacteria","Firmicutes","Bacilli","Lactobacillales","Lactobacillaceae","Levilactobacillus","Unclassified"
"ASV3",1927.28063787839,5.25979068754741,1.59556629235578,3.29650401412126,0.000978962156551582,0.0191935696910154,"GFE","Bacteria","Firmicutes","Negativicutes","Acidaminococcales","Acidaminococcaceae","Succiniclasticum","Unclassified"
"ASV7",1165.65825578996,5.29040077698065,1.62138681631159,3.26288626733472,0.00110283768770917,0.0191935696910154,"GFE","Bacteria","Bacteroidota","Bacteroidia","Bacteroidales","Prevotellaceae","Prevotella","Unclassified"
"ASV17",701.5082961905,5.72771766493649,1.75896518804176,3.25629961518061,0.0011287457305243,0.0191935696910154,"GFE","Bacteria","Bacteroidota","Bacteroidia","Bacteroidales","Prevotellaceae","Prevotella","Unclassified"
"ASV74",101.79834302783,6.86976321867476,2.10683872206934,3.26069724593217,0.00111138637480311,0.0191935696910154,"GFE","Bacteria","Bacteroidota","Bacteroidia","Bacteroidales","Prevotellaceae","Prevotella","Unclassified"
"ASV80",87.4897779258517,7.12150967456898,2.17768320245696,3.27022299043964,0.00107462735432888,0.0191935696910154,"GFE","Bacteria","Firmicutes","Clostridia","Christensenellales","Christensenellaceae","Christensenellaceae R-7 group","Unclassified"
"ASV158",90.5933893571436,5.71248300497621,1.75529350992934,3.25443179312282,0.00113619440031381,0.0191935696910154,"GFE","Bacteria","Bacteroidota","Bacteroidia","Bacteroidales","Prevotellaceae","Prevotella","Unclassified"
"ASV333",37.8479823448415,7.40367929198638,2.27020337880822,3.26124053954719,0.00110925897686548,0.0191935696910154,"GFE","Bacteria","Bacteroidota","Bacteroidia","Bacteroidales","Prevotellaceae","Prevotella","Unclassified"
"ASV409",312.719387669961,-8.01226708198332,2.41836478221978,-3.3130928555075,0.000922703405519945,0.0191935696910154,"GFE","Bacteria","Firmicutes","Bacilli","Lactobacillales","Lactobacillaceae","Levilactobacillus","Unclassified"
"ASV1007",262.56641788797,-8.96577460686365,2.79094618710657,-3.21244983091511,0.00131608132078471,0.0214657401631437,"GFE","Bacteria","Firmicutes","Bacilli","Lactobacillales","Lactobacillaceae","Companilactobacillus","Unclassified"
"ASV67",138.188655122095,6.74294420129401,2.12753506391381,3.16936924597129,0.00152770178098787,0.0221362514050895,"GFE","Bacteria","Bacteroidota","Bacteroidia","Bacteroidales","Rikenellaceae","Rikenellaceae RC9 gut group","Unclassified"
"ASV116",64.4152038936028,5.81962893278269,1.83804230441759,3.16621054847088,0.00154438963291322,0.0221362514050895,"GFE","Bacteria","Bacteroidota","Bacteroidia","Bacteroidales","Prevotellaceae","Prevotella","Unclassified"
"ASV244",35.2093936414502,6.47560809817802,2.03266848942401,3.18576695209802,0.0014437084180241,0.0221362514050895,"GFE","Bacteria","Bacteroidota","Bacteroidia","Bacteroidales","Prevotellaceae","Prevotella","Unclassified"
"ASV393",55.5290228359685,6.58219854373794,2.07623816339315,3.17025217038723,0.0015230669553665,0.0221362514050895,"GFE","Bacteria","Bacteroidota","Bacteroidia","Bacteroidales","Prevotellaceae","Unclassified","Unclassified"
"ASV22",296.189922736455,-4.29503424770104,1.37492930767067,-3.12382187486967,0.00178518491779454,0.0222810109837419,"GFE","Bacteria","Proteobacteria","Gammaproteobacteria","Enterobacterales","Pasteurellaceae","Bibersteinia","trehalosi"
"ASV33",329.351917857748,6.35715079970763,2.03326308222546,3.12657562874232,0.00176855009756481,0.0222810109837419,"GFE","Bacteria","Bacteroidota","Bacteroidia","Bacteroidales","Prevotellaceae","Prevotella","Unclassified"
"ASV108",105.784105084339,4.73266749037647,1.51402990665443,3.1258745085388,0.00177277183426549,0.0222810109837419,"GFE","Bacteria","Firmicutes","Bacilli","Lactobacillales","Aerococcaceae","Aerococcus","Unclassified"
"ASV298",59.2405186890147,6.54605399259393,2.092283047853,3.1286655977599,0.00175602030246283,0.0222810109837419,"GFE","Bacteria","Firmicutes","Clostridia","Lachnospirales","Lachnospiraceae","Unclassified","Unclassified"
"ASV477",31.7420574019435,7.53983597791461,2.41427236391369,3.12302625445791,0.00179001779573402,0.0222810109837419,"GFE","Bacteria","Bacteroidota","Bacteroidia","Bacteroidales","Prevotellaceae","Prevotella","ruminicola"
"ASV78",191.628516531657,5.18530150335931,1.67214723258936,3.10098381428395,0.00192878833297513,0.0233927405512112,"GFE","Bacteria","Bacteroidota","Bacteroidia","Bacteroidales","Prevotellaceae","Prevotella","Unclassified"
"ASV215",80.4196414379147,5.94531463099129,1.93791652880121,3.06788994398487,0.0021557599633131,0.0254918615661774,"GFE","Bacteria","Firmicutes","Clostridia","Lachnospirales","Lachnospiraceae","[Eubacterium] ruminantium group","Unclassified"
"ASV20",385.801533121041,5.58822202548452,1.84320736888979,3.03179236357462,0.00243106367036703,0.0257175376424946,"GFE","Bacteria","Bacteroidota","Bacteroidia","Bacteroidales","Prevotellaceae","Prevotella","Unclassified"
"ASV82",133.699850266487,5.74548167973863,1.89787845915369,3.02731803083991,0.00246734218319047,0.0257175376424946,"GFE","Bacteria","Bacteroidota","Bacteroidia","Bacteroidales","Prevotellaceae","Prevotella","ruminicola"
"ASV308",51.9346511660523,6.07814131519441,2.00794132181581,3.02705126347908,0.00246952073903019,0.0257175376424946,"GFE","Bacteria","Bacteroidota","Bacteroidia","Bacteroidales","Prevotellaceae","Prevotella","Unclassified"
"ASV363",59.729263010675,6.89271244845529,2.27993038859951,3.02321179757126,0.00250107131406924,0.0257175376424946,"GFE","Bacteria","Bacteroidota","Bacteroidia","Bacteroidales","Prevotellaceae","Prevotella","Unclassified"
"ASV483",32.1720975736968,6.40835853292658,2.11688632844944,3.02725680014218,0.00246784206817463,0.0257175376424946,"GFE","Bacteria","Firmicutes","Clostridia","Lachnospirales","Lachnospiraceae","Unclassified","Unclassified"
"ASV714",19.526972800942,7.7914420244176,2.56330655180763,3.03960601939051,0.00236887810011251,0.0257175376424946,"GFE","Bacteria","Bacteroidota","Bacteroidia","Bacteroidales","Prevotellaceae","Prevotella","Unclassified"
"ASV114",96.3769061410379,5.96930768952729,1.98456056044557,3.0078737875286,0.00263082373184961,0.0261505143702313,"GFE","Bacteria","Firmicutes","Clostridia","Lachnospirales","Lachnospiraceae","Lachnospira","Unclassified"
"ASV153",66.1244916339191,7.05705714104654,2.34825420127185,3.00523560746717,0.00265375198683108,0.0261505143702313,"GFE","Bacteria","Bacteroidota","Bacteroidia","Bacteroidales","Prevotellaceae","Prevotella","Unclassified"
"ASV41",219.394949496637,5.58744871797801,1.87418525602161,2.98126810037907,0.0028705736391538,0.0268786595838995,"GFE","Bacteria","Bacteroidota","Bacteroidia","Bacteroidales","Prevotellaceae","Prevotella","Unclassified"
"ASV52",223.60643143615,6.0167919946795,2.02018153774984,2.97834223422379,0.00289812185788345,0.0268786595838995,"GFE","Bacteria","Bacteroidota","Bacteroidia","Bacteroidales","Prevotellaceae","Prevotella","Unclassified"
"ASV162",66.2858952158135,6.46364038238211,2.16840879615242,2.98082187908989,0.00287475948622693,0.0268786595838995,"GFE","Bacteria","Firmicutes","Clostridia","Lachnospirales","Lachnospiraceae","Butyrivibrio","Unclassified"
"ASV174",64.0150562737077,6.2942237880081,2.11885244360701,2.97058146120509,0.00297236563194307,0.0270370950751745,"GFE","Bacteria","Bacteroidota","Bacteroidia","Bacteroidales","Prevotellaceae","Prevotella","bryantii"
"ASV23",606.312847479486,4.72245161243586,1.65941753845007,2.84584892169257,0.00442932038397026,0.0273885198697534,"GFE","Bacteria","Firmicutes","Negativicutes","Acidaminococcales","Acidaminococcaceae","Succiniclasticum","Unclassified"
"ASV35",292.294276382376,5.85390766473422,2.05517298679906,2.84837709639796,0.00439428224483736,0.0273885198697534,"GFE","Bacteria","Firmicutes","Negativicutes","Acidaminococcales","Acidaminococcaceae","Succiniclasticum","Unclassified"
"ASV45",126.934848461957,8.45552426097231,2.89762557245516,2.91808725783985,0.00352185780913518,0.0273885198697534,"GFE","Bacteria","Bacteroidota","Bacteroidia","Bacteroidales","Prevotellaceae","Prevotella","Unclassified"
"ASV46",544.247359223678,5.15523144469523,1.79353667968268,2.87433845267514,0.00404874835343156,0.0273885198697534,"GFE","Bacteria","Bacteroidota","Bacteroidia","Bacteroidales","Prevotellaceae","Prevotella","Unclassified"
"ASV49",184.774268450474,4.53722686834987,1.55605877036388,2.91584543897969,0.0035472618102888,0.0273885198697534,"GFE","Bacteria","Bacteroidota","Bacteroidia","Bacteroidales","Prevotellaceae","Prevotella","bryantii"
"ASV51",148.999175971945,5.66757135948213,1.92533308770327,2.94368356087567,0.00324331426550613,0.0273885198697534,"GFE","Bacteria","Firmicutes","Clostridia","Oscillospirales","Oscillospiraceae","NK4A214 group","Unclassified"
"ASV88",108.823538923695,7.06785306458325,2.45415877018455,2.87994939465623,0.00397739006441997,0.0273885198697534,"GFE","Bacteria","Bacteroidota","Bacteroidia","Bacteroidales","Prevotellaceae","Prevotella","Unclassified"
"ASV143",85.2822722568561,6.35599631084115,2.24470613876106,2.8315493957482,0.00463230780038113,0.0273885198697534,"GFE","Bacteria","Bacteroidota","Bacteroidia","Bacteroidales","Prevotellaceae","Prevotella","Unclassified"
"ASV168",74.5518916854321,5.0617261728639,1.78158562161029,2.84113550955179,0.00449532063772424,0.0273885198697534,"GFE","Bacteria","Bacteroidota","Bacteroidia","Bacteroidales","Prevotellaceae","Prevotellaceae UCG-001","Unclassified"
"ASV172",78.6448448507846,6.63645874793035,2.29670239213011,2.88955973167045,0.00385781707811299,0.0273885198697534,"GFE","Bacteria","Bacteroidota","Bacteroidia","Bacteroidales","Prevotellaceae","Prevotella","Unclassified"
"ASV199",29.5465841908747,6.1940061263303,2.1585952599942,2.86946156193586,0.004111713047403,0.0273885198697534,"GFE","Bacteria","Bacteroidota","Bacteroidia","Bacteroidales","Prevotellaceae","Prevotella","Unclassified"
"ASV204",59.9009342282598,5.5752657221357,1.92873355850599,2.89063551445351,0.00384463733929471,0.0273885198697534,"GFE","Bacteria","Firmicutes","Clostridia","Lachnospirales","Lachnospiraceae","Moryella","Unclassified"
"ASV213",94.0892142975454,6.17608571255121,2.15864148405649,2.86109840757122,0.00422175986769822,0.0273885198697534,"GFE","Bacteria","Firmicutes","Clostridia","Lachnospirales","Lachnospiraceae","Unclassified","Unclassified"
"ASV218",40.7108818600715,5.9588487200434,2.09514105172091,2.8441277092771,0.00445331943957124,0.0273885198697534,"GFE","Bacteria","Firmicutes","Clostridia","Lachnospirales","Lachnospiraceae","Lachnospiraceae AC2044 group","Unclassified"
"ASV229",65.7546811240796,5.8410720176579,1.9994686749428,2.92131209198614,0.00348560468312139,0.0273885198697534,"GFE","Bacteria","Firmicutes","Bacilli","Erysipelotrichales","Erysipelotrichaceae","Unclassified","Unclassified"
"ASV233",79.9267953250656,7.26940152839681,2.45632509489493,2.95946230550063,0.00308176400720177,0.0273885198697534,"GFE","Bacteria","Bacteroidota","Bacteroidia","Bacteroidales","Prevotellaceae","Prevotellaceae UCG-001","Unclassified"
"ASV235",62.8795020230727,5.62056182008275,1.96397698362222,2.86182672554369,0.00421207114573828,0.0273885198697534,"GFE","Bacteria","Bacteroidota","Bacteroidia","Bacteroidales","Prevotellaceae","Prevotella","Unclassified"
"ASV237",61.5335080343806,7.00636124467596,2.45860629935737,2.84972882665569,0.00437565177276619,0.0273885198697534,"GFE","Bacteria","Firmicutes","Clostridia","Lachnospirales","Lachnospiraceae","Pseudobutyrivibrio","xylanivorans"
"ASV239",42.2547094358372,7.01121903753081,2.41165087015676,2.90722804212331,0.00364647262381569,0.0273885198697534,"GFE","Bacteria","Firmicutes","Clostridia","Lachnospirales","Lachnospiraceae","Lachnospiraceae NK3A20 group","Unclassified"
"ASV242",42.1198227643928,6.04234331099214,2.07462751717615,2.91249550146552,0.00358553364953768,0.0273885198697534,"GFE","Bacteria","Bacteroidota","Bacteroidia","Bacteroidales","Prevotellaceae","Prevotellaceae UCG-001","Unclassified"
"ASV293",35.97757223881,6.41366920786307,2.25015583452183,2.85032223522689,0.00436749564807958,0.0273885198697534,"GFE","Bacteria","Firmicutes","Clostridia","Lachnospirales","Lachnospiraceae","Unclassified","Unclassified"
"ASV306",40.5175450960687,7.17206927524791,2.4629540265304,2.9119785420239,0.0035914730661623,0.0273885198697534,"GFE","Bacteria","Bacteroidota","Bacteroidia","Bacteroidales","Prevotellaceae","Prevotella","Unclassified"
"ASV316",35.3582232362923,5.72467892463971,2.00648155421446,2.85309322311758,0.00432959183872491,0.0273885198697534,"GFE","Bacteria","Bacteroidota","Bacteroidia","Bacteroidales","Prevotellaceae","Unclassified","Unclassified"
"ASV375",48.2388018702895,5.57810300452909,1.96823828663796,2.834058783633,0.00459608766765128,0.0273885198697534,"GFE","Bacteria","Bacteroidota","Bacteroidia","Bacteroidales","Prevotellaceae","Prevotella","Unclassified"
"ASV465",22.6299125893012,7.02724180919368,2.48125037959503,2.83213732357821,0.00462379862920357,0.0273885198697534,"GFE","Bacteria","Spirochaetota","Spirochaetia","Spirochaetales","Spirochaetaceae","Treponema","bryantii"
"ASV469",21.8498663560112,6.48702176210152,2.22246854562293,2.9188362529933,0.00351340725660887,0.0273885198697534,"GFE","Bacteria","Bacteroidota","Bacteroidia","Bacteroidales","Muribaculaceae","Unclassified","Unclassified"
"ASV490",39.8022523409682,6.60495630058198,2.30407515078035,2.86664100272294,0.00414853309285479,0.0273885198697534,"GFE","Bacteria","Bacteroidota","Bacteroidia","Bacteroidales","Prevotellaceae","Prevotella","Unclassified"
"ASV3779",26.0133548697161,-10.6874491973615,3.6897734515926,-2.8965055273918,0.00377343994864065,0.0273885198697534,"GFE","Bacteria","Firmicutes","Bacilli","Lactobacillales","Lactobacillaceae","Unclassified","Unclassified"
"ASV234",47.1372008865388,6.63645270716692,2.349690611336,2.82439427350545,0.00473700736944357,0.0274757568549038,"GFE","Bacteria","Bacteroidota","Bacteroidia","Bacteroidales","Prevotellaceae","Prevotellaceae UCG-003","Unclassified"
"ASV715",183.197745237548,-8.94436688654698,3.16881267919705,-2.82262405261942,0.00476323903192836,0.0274757568549038,"GFE","Bacteria","Firmicutes","Bacilli","Lactobacillales","Lactobacillaceae","Unclassified","Unclassified"
"ASV48",187.207244941049,6.02525301509739,2.14850175384799,2.80439753158502,0.00504107083225697,0.0287280301645488,"GFE","Bacteria","Firmicutes","Clostridia","Oscillospirales","Oscillospiraceae","NK4A214 group","Unclassified"
"ASV396",49.9726510817019,6.66690578612332,2.38797236099819,2.79186890728355,0.00524045826023725,0.0295087709177645,"GFE","Bacteria","Firmicutes","Negativicutes","Veillonellales-Selenomonadales","Selenomonadaceae","Anaerovibrio","lipolyticus"
"ASV64",169.855805154489,5.26525443411676,1.89442477877661,2.77934204255762,0.00544691372207937,0.030310472829924,"GFE","Bacteria","Bacteroidota","Bacteroidia","Bacteroidales","Prevotellaceae","Prevotella","Unclassified"
"ASV99",34.888087548368,5.58068765495203,2.01378951988135,2.77123681489854,0.00558437961144607,0.0303610523702758,"GFE","Bacteria","Bacteroidota","Bacteroidia","Bacteroidales","Prevotellaceae","Prevotella","Unclassified"
"ASV288",53.2655515646146,6.09440281510238,2.19736696175345,2.77350252423892,0.00554564101417473,0.0303610523702758,"GFE","Bacteria","Bacteroidota","Bacteroidia","Bacteroidales","Prevotellaceae","Prevotella","Unclassified"
"ASV40",567.857936702661,6.83171768912323,2.47768263404334,2.7573013570243,0.00582806119583715,0.0309738533216963,"GFE","Bacteria","Bacteroidota","Bacteroidia","Bacteroidales","Prevotellaceae","Prevotella","Unclassified"
"ASV205",94.2940145844135,5.73130399956277,2.07592526885719,2.76084312163988,0.00576523622284878,0.0309738533216963,"GFE","Bacteria","Firmicutes","Clostridia","Lachnospirales","Lachnospiraceae","Unclassified","Unclassified"
"ASV231",51.8475674232295,5.9663239388019,2.16860420129157,2.7512276953298,0.00593723587678659,0.0312034729968895,"GFE","Bacteria","Bacteroidota","Bacteroidia","Bacteroidales","Prevotellaceae","Prevotella","Unclassified"
"ASV307",27.3845904754243,6.21918264868585,2.26353432085588,2.74755394313362,0.0060041631270835,0.0312084522979175,"GFE","Bacteria","Firmicutes","Clostridia","Lachnospirales","Lachnospiraceae","[Eubacterium] ruminantium group","Unclassified"
"ASV381",22.8403309102823,6.71679111061718,2.45439000099052,2.73664377214154,0.00620694657662481,0.0319118014211254,"GFE","Bacteria","Firmicutes","Clostridia","Unclassified","Unclassified","Unclassified","Unclassified"
"ASV436",70.5652883807207,7.51356800262453,2.74998598800835,2.73222046780906,0.0062909028997348,0.0319956674362856,"GFE","Bacteria","Fibrobacterota","Fibrobacteria","Fibrobacterales","Fibrobacteraceae","Fibrobacter","succinogenes"
"ASV342",49.6543514539779,6.10843920254598,2.24131110340912,2.72538657987051,0.00642262387880407,0.0323180967518545,"GFE","Bacteria","Bacteroidota","Bacteroidia","Bacteroidales","Unclassified","Unclassified","Unclassified"
"ASV510",23.9419714978022,6.21583354805705,2.28639294975874,2.71861997681236,0.00655548766338056,0.0326394280503053,"GFE","Bacteria","Verrucomicrobiota","Kiritimatiellae","WCHB1-41","Unclassified","Unclassified","Unclassified"
"ASV89",68.8593332943399,-6.83779839897543,2.52517533758863,-2.70785093501865,0.00677204316307322,0.0328066917879213,"GFE","Bacteria","Proteobacteria","Gammaproteobacteria","Pseudomonadales","Moraxellaceae","Moraxella","Unclassified"
"ASV228",20.1016443617482,6.00574348071717,2.2190375205511,2.70646324142624,0.00680041105010116,0.0328066917879213,"GFE","Bacteria","Unclassified","Unclassified","Unclassified","Unclassified","Unclassified","Unclassified"
"ASV274",32.7076475978832,6.43931131044481,2.38206319730244,2.70324956858282,0.006866516885844,0.0328066917879213,"GFE","Bacteria","Firmicutes","Clostridia","Oscillospirales","Oscillospiraceae","UCG-005","Unclassified"
"ASV537",20.2236117204582,6.55115968863109,2.42229201696189,2.7045292816709,0.0068401240857778,0.0328066917879213,"GFE","Bacteria","Firmicutes","Clostridia","Lachnospirales","Lachnospiraceae","FD2005","Unclassified"
"ASV100",189.974424517211,5.2474681614845,1.94634536746987,2.69606219388797,0.00701645647810502,0.0329074528936803,"GFE","Bacteria","Bacteroidota","Bacteroidia","Bacteroidales","Prevotellaceae","Prevotella","Unclassified"
"ASV377",32.8102075531606,5.53195884476658,2.05223791096779,2.69557384901726,0.00702674998363997,0.0329074528936803,"GFE","Bacteria","Firmicutes","Clostridia","Peptostreptococcales-Tissierellales","Anaerovoracaceae","Anaerovorax","Unclassified"
"ASV209",52.0565441121716,5.29096022800444,1.96943118508901,2.6865423214903,0.00721958015211358,0.0334790334504875,"GFE","Bacteria","Firmicutes","Clostridia","Lachnospirales","Lachnospiraceae","[Eubacterium] ruminantium group","Unclassified"
"ASV137",102.093461405049,5.56030016305531,2.09048602575216,2.65981216547703,0.00781842405022038,0.0359040250073227,"GFE","Bacteria","Bacteroidota","Bacteroidia","Bacteroidales","Prevotellaceae","Prevotellaceae Ga6A1 group","Unclassified"
"ASV243",33.3205830898273,6.34872198799576,2.39577440081976,2.64996653517269,0.00804997440322011,0.0366119028146453,"GFE","Bacteria","Firmicutes","Clostridia","Oscillospirales","Ruminococcaceae","Ruminococcus","flavefaciens"
"ASV16",64.7178193389649,4.5819766729163,1.73414449583832,2.64221158266358,0.00823665833535895,0.0371041846916646,"GFE","Bacteria","Proteobacteria","Gammaproteobacteria","Pseudomonadales","Pseudomonadaceae","Pseudomonas","Unclassified"
"ASV203",57.4326494076201,6.17641105852589,2.35050806905436,2.62769191896913,0.00859663334537629,0.0383604487958772,"GFE","Bacteria","Firmicutes","Clostridia","Lachnospirales","Lachnospiraceae","Butyrivibrio","Unclassified"
"ASV2015",38.743680214962,-9.87466978456116,3.76331285370095,-2.62393007662122,0.008692162790674,0.0384242336447552,"GFE","Bacteria","Firmicutes","Bacilli","Lactobacillales","Lactobacillaceae","Levilactobacillus","Unclassified"
"ASV411",31.2547471225816,5.84450063045827,2.23375385407225,2.6164479223185,0.00888499167199864,0.0389129727856978,"GFE","Bacteria","Bacteroidota","Bacteroidia","Bacteroidales","Prevotellaceae","Prevotella","Unclassified"
"ASV272",44.4574533558856,5.17510964636192,1.9924807651232,2.59731975181298,0.00939544170607957,0.0407710452016113,"GFE","Bacteria","Firmicutes","Bacilli","Lactobacillales","Aerococcaceae","Facklamia","tabacinasalis"
"ASV24",498.903147028727,5.03817026745566,1.95960254276714,2.57101639618272,0.0101400526067379,0.0414748302728536,"GFE","Bacteria","Bacteroidota","Bacteroidia","Bacteroidales","Prevotellaceae","Prevotellaceae UCG-001","Unclassified"
"ASV92",82.1473301016401,-6.56184895247637,2.55294937337438,-2.57030124487083,0.0101610114260307,0.0414748302728536,"GFE","Bacteria","Proteobacteria","Gammaproteobacteria","Pseudomonadales","Moraxellaceae","Moraxella","Unclassified"
"ASV126",295.553749350755,5.1159236873414,1.99214006863624,2.56805420857963,0.0102271161461386,0.0414748302728536,"GFE","Bacteria","Bacteroidota","Bacteroidia","Bacteroidales","Prevotellaceae","Prevotellaceae NK3B31 group","Unclassified"
"ASV156",170.055696422805,5.79412276543066,2.25868671927212,2.56526180279568,0.0103097982016144,0.0414748302728536,"GFE","Bacteria","Bacteroidota","Bacteroidia","Bacteroidales","Prevotellaceae","Prevotella","Unclassified"
"ASV167",72.3261151229654,5.6072981582708,2.18941973712796,2.56108870454705,0.0104344710411619,0.0414748302728536,"GFE","Bacteria","Bacteroidota","Bacteroidia","Bacteroidales","Prevotellaceae","Prevotella","Unclassified"
"ASV208",65.6024341210854,7.53011212792623,2.9335275559142,2.56691371885871,0.0102608140295073,0.0414748302728536,"GFE","Bacteria","Bacteroidota","Bacteroidia","Bacteroidales","Prevotellaceae","Prevotella","ruminicola"
"ASV221",210.258632416076,5.44595948899613,2.11986555522817,2.56901173546826,0.0101989003533319,0.0414748302728536,"GFE","Bacteria","Firmicutes","Clostridia","Lachnospirales","Lachnospiraceae","Unclassified","Unclassified"
"ASV313",37.1597301217209,5.94887481948363,2.30020379513306,2.58623815510204,0.00970298623511607,0.0414748302728536,"GFE","Bacteria","Bacteroidota","Bacteroidia","Bacteroidales","Prevotellaceae","Prevotellaceae UCG-003","Unclassified"
"ASV386",18.6054385494713,7.09202878974445,2.76605427979896,2.56395141683912,0.0103488029156276,0.0414748302728536,"GFE","Bacteria","Bacteroidota","Bacteroidia","Bacteroidales","F082","Unclassified","Unclassified"
"ASV506",32.536668692118,6.3289832462829,2.4619910909191,2.57067674599918,0.0101500018733814,0.0414748302728536,"GFE","Bacteria","Firmicutes","Clostridia","Lachnospirales","Lachnospiraceae","Butyrivibrio","hungatei"
"ASV397",32.5284915620388,6.06893498262651,2.3728555614473,2.55765040284409,0.0105381975863032,0.0415380621526786,"GFE","Bacteria","Bacteroidota","Bacteroidia","Bacteroidales","Muribaculaceae","Unclassified","Unclassified"
"ASV290",48.8182144232799,5.20321817871871,2.03745505476867,2.55378304740541,0.0106559629625641,0.0416551279445687,"GFE","Bacteria","Bacteroidota","Bacteroidia","Bacteroidales","Prevotellaceae","Prevotella","Unclassified"
"ASV73",174.024882684202,5.12950758468138,2.01445251894717,2.54635318352515,0.0108854990876727,0.0422036153153212,"GFE","Bacteria","Bacteroidota","Bacteroidia","Bacteroidales","Prevotellaceae","Prevotella","Unclassified"
"ASV543",22.1590124667381,6.62681381870542,2.60659338047522,2.54232741797927,0.0110116966873718,0.0423457929522509,"GFE","Bacteria","Firmicutes","Clostridia","Lachnospirales","Lachnospiraceae","probable genus 10","Unclassified"
"ASV332",28.7640109181127,5.75979682936486,2.28892632209713,2.51637493691265,0.0118568972225747,0.045228325695789,"GFE","Bacteria","Bacteroidota","Bacteroidia","Bacteroidales","Prevotellaceae","Prevotellaceae UCG-001","Unclassified"
"ASV105",79.2672495622041,6.13842226658061,2.4501065620909,2.50536950578269,0.0122323527129595,0.0459472691113011,"GFE","Bacteria","Bacteroidota","Bacteroidia","Bacteroidales","Prevotellaceae","Prevotella","Unclassified"
"ASV351",27.2560599117379,5.50173292872998,2.19861647765849,2.50236136435642,0.0123367931863324,0.0459472691113011,"GFE","Bacteria","Bacteroidota","Bacteroidia","Bacteroidales","Prevotellaceae","Prevotella","Unclassified"
"ASV687",17.8724628959644,6.27452132543798,2.50530505021383,2.50449394372252,0.0122626704638097,0.0459472691113011,"GFE","Bacteria","Bacteroidota","Bacteroidia","Bacteroidales","Prevotellaceae","Prevotella","Unclassified"
"ASV301",65.2285885675146,5.56429777220618,2.241467171279,2.48243554199865,0.0130487673466696,0.04821927308574,"GFE","Bacteria","Bacteroidota","Bacteroidia","Bacteroidales","Prevotellaceae","Prevotella","Unclassified"
"ASV34",465.154567178398,4.06965844680586,1.66273220471784,2.44757299777956,0.0143821988296243,0.048764305344459,"GFE","Bacteria","Bacteroidota","Bacteroidia","Bacteroidales","Prevotellaceae","Prevotella","Unclassified"
"ASV43",415.035169124147,4.13214936568732,1.69444913835723,2.43863877182731,0.0147426969646039,0.048764305344459,"GFE","Bacteria","Bacteroidota","Bacteroidia","Bacteroidales","Prevotellaceae","Prevotella","Unclassified"
"ASV72",108.754565565923,5.03485247674494,2.03934080992019,2.46886270909372,0.0135543210202996,0.048764305344459,"GFE","Bacteria","Bacteroidota","Bacteroidia","Bacteroidales","Prevotellaceae","Prevotella","Unclassified"
"ASV146",113.464904138336,6.22955224415173,2.55257838038375,2.44049400873449,0.0146671892409692,0.048764305344459,"GFE","Bacteria","Bacteroidota","Bacteroidia","Bacteroidales","Prevotellaceae","Prevotella","Unclassified"
"ASV163",63.4222161772835,4.94994379779217,2.0057012243517,2.46793676829516,0.0135894322317659,0.048764305344459,"GFE","Bacteria","Bacteroidota","Bacteroidia","Bacteroidales","Prevotellaceae","Prevotella","Unclassified"
"ASV166",74.7609971673809,5.55218614394789,2.24386245924242,2.47438791137958,0.013346469402886,0.048764305344459,"GFE","Bacteria","Bacteroidota","Bacteroidia","Bacteroidales","Prevotellaceae","Prevotella","Unclassified"
"ASV312",30.9328322156027,5.57713758646052,2.27952477244597,2.44662293381272,0.0144201611433554,0.048764305344459,"GFE","Bacteria","Firmicutes","Negativicutes","Veillonellales-Selenomonadales","Selenomonadaceae","Veillonellaceae UCG-001","Unclassified"
"ASV343",46.8151918575553,5.762120902103,2.3365478290159,2.46608300953542,0.0136599673769224,0.048764305344459,"GFE","Bacteria","Firmicutes","Clostridia","Lachnospirales","Lachnospiraceae","Unclassified","Unclassified"
"ASV385",23.006491200567,5.98537577777171,2.43781344573733,2.45522305582386,0.0140797194121216,0.048764305344459,"GFE","Bacteria","Firmicutes","Clostridia","Lachnospirales","Lachnospiraceae","Unclassified","Unclassified"
"ASV392",22.1316958097361,6.78059380237356,2.76523240029255,2.45208822291255,0.0142029834690482,0.048764305344459,"GFE","Bacteria","Bacteroidota","Bacteroidia","Bacteroidales","Prevotellaceae","Prevotellaceae UCG-001","Unclassified"
"ASV394",31.3775409925443,6.48276638007006,2.64240941751287,2.45335425203407,0.0141530880671005,0.048764305344459,"GFE","Bacteria","Bacteroidota","Bacteroidia","Bacteroidales","Prevotellaceae","Prevotella","Unclassified"
"ASV445",23.3441886727349,6.88625626804874,2.80060968824415,2.45884183610252,0.0139386009797135,0.048764305344459,"GFE","Bacteria","Firmicutes","Clostridia","Oscillospirales","Oscillospiraceae","NK4A214 group","Unclassified"
"ASV1158",69.3100307999648,-6.92236846829599,2.8349893146264,-2.44176174935891,0.0146157887421167,0.048764305344459,"GFE","Bacteria","Firmicutes","Bacilli","Lactobacillales","Lactobacillaceae","Companilactobacillus","Unclassified"
"ASV1179",30.052987580584,5.81297917132336,2.37086304252581,2.45184098240044,0.0142127455447278,0.048764305344459,"GFE","Bacteria","Firmicutes","Bacilli","Lactobacillales","Enterococcaceae","Enterococcus","Unclassified"
"ASV1216",57.2094005487268,-7.37847602324572,3.01640650976228,-2.44611460669046,0.0144405089638016,0.048764305344459,"GFE","Bacteria","Firmicutes","Bacilli","Lactobacillales","Lactobacillaceae","Levilactobacillus","Unclassified"
"ASV185",58.625841561846,5.78128009979032,2.3738413635213,2.435411307862,0.0148748706989358,0.0488598183374765,"GFE","Bacteria","Firmicutes","Clostridia","Lachnospirales","Lachnospiraceae","[Eubacterium] ruminantium group","Unclassified"
"ASV182",199.445015660672,-9.26897134540736,2.22892609776023,-4.15849199967708,3.20355450564436e-05,0.00621489574095007,"RFI","Bacteria","Bacteroidota","Bacteroidia","Bacteroidales","Prevotellaceae","Prevotellaceae UCG-001","Unclassified"
"ASV95",189.030431680236,-8.43081807121303,2.11395043440068,-3.98818152687824,6.6581709171963e-05,0.00645842578968041,"RFI","Bacteria","Firmicutes","Clostridia","Lachnospirales","Lachnospiraceae","Unclassified","Unclassified"
"ASV129",81.9116441687018,-6.32583670091313,1.68982953695469,-3.743476227971,0.000181491780325637,0.00880235134579341,"RFI","Bacteria","Actinobacteriota","Actinobacteria","Bifidobacteriales","Bifidobacteriaceae","Bifidobacterium","Unclassified"
"ASV429",56.2610592056197,-6.05747296101509,1.61002056797537,-3.76235750120414,0.00016831921378513,0.00880235134579341,"RFI","Bacteria","Actinobacteriota","Actinobacteria","Bifidobacteriales","Bifidobacteriaceae","Bifidobacterium","Unclassified"
"ASV245",66.1033977786954,-7.32133113106436,2.00271682819982,-3.6556996116347,0.000256481545119041,0.00995148395061879,"RFI","Bacteria","Bacteroidota","Bacteroidia","Bacteroidales","Prevotellaceae","Prevotella","Unclassified"
"ASV188",55.6389930617318,-7.58607574716547,2.10456089558669,-3.60458837901704,0.000312648046544971,0.0101089535049541,"RFI","Bacteria","Firmicutes","Clostridia","Lachnospirales","Lachnospiraceae","Unclassified","Unclassified"
"ASV101",655.446292283825,-5.92757995275017,1.80627491697802,-3.28165989409147,0.00103197996384062,0.0260491100008408,"RFI","Bacteria","Bacteroidota","Bacteroidia","Bacteroidales","Prevotellaceae","Prevotella","ruminicola"
"ASV102",58.9761274272485,-5.48802184023845,1.69546925775063,-3.23687487410972,0.00120846386601839,0.0260491100008408,"RFI","Bacteria","Firmicutes","Clostridia","Oscillospirales","[Eubacterium] coprostanoligenes group","Unclassified","Unclassified"
"ASV155",85.1812344962436,-9.01356197401173,2.76797425812624,-3.2563749274581,0.00112844634237624,0.0260491100008408,"RFI","Bacteria","Firmicutes","Bacilli","Erysipelotrichales","Erysipelatoclostridiaceae","Sharpea","azabuensis"
"ASV75",1165.65825578996,-6.04135106723333,1.91250322215826,-3.15887105299393,0.00158381549805164,0.0272489316758571,"RFI","Bacteria","Bacteroidota","Bacteroidia","Bacteroidales","Prevotellaceae","Prevotella","Unclassified"
"ASV232",606.312847479486,-6.00220785826356,1.96244825886453,-3.05853050196413,0.00222425434790019,0.0272489316758571,"RFI","Bacteria","Firmicutes","Negativicutes","Acidaminococcales","Acidaminococcaceae","Succiniclasticum","Unclassified"
"ASV27",207.037402009248,4.94954844004604,1.58785531667169,3.11712810863701,0.00182622194786506,0.0272489316758571,"RFI","Bacteria","Firmicutes","Bacilli","Lactobacillales","Streptococcaceae","Streptococcus","Unclassified"
"ASV103",137.232429395633,-6.69625535209852,2.18679297516371,-3.06213502062179,0.0021976429826052,0.0272489316758571,"RFI","Bacteria","Bacteroidota","Bacteroidia","Bacteroidales","Prevotellaceae","Unclassified","Unclassified"
"ASV117",146.504605160761,-6.64088839545433,2.14466119533409,-3.09647435683651,0.00195836799668629,0.0272489316758571,"RFI","Bacteria","Firmicutes","Clostridia","Lachnospirales","Lachnospiraceae","Unclassified","Unclassified"
"ASV138",144.145326431717,-6.12932441101043,1.96819310383387,-3.11418854129254,0.00184451581859891,0.0272489316758571,"RFI","Bacteria","Bacteroidota","Bacteroidia","Bacteroidales","Prevotellaceae","Prevotella","Unclassified"
"ASV2151",80.4196414379147,-6.393220277924,2.09240841212365,-3.05543613803163,0.00224733457120471,0.0272489316758571,"RFI","Bacteria","Firmicutes","Clostridia","Lachnospirales","Lachnospiraceae","[Eubacterium] ruminantium group","Unclassified"
"ASV136",163.677056901537,-6.52155529485047,2.14797588415835,-3.03613990405942,0.00239628148235777,0.0273458004457298,"RFI","Bacteria","Firmicutes","Negativicutes","Veillonellales-Selenomonadales","Selenomonadaceae","Unclassified","Unclassified"
"ASV164",47.2027508007662,-6.22402096249161,2.08299783620114,-2.98801124721408,0.00280799220700892,0.0286710783241964,"RFI","Bacteria","Firmicutes","Clostridia","Lachnospirales","Lachnospiraceae","Lachnospiraceae NK3A20 group","Unclassified"
"ASV195",86.0804759476966,-6.52836346628633,2.17477761138149,-3.00185335370419,0.00268341409189432,0.0286710783241964,"RFI","Bacteria","Firmicutes","Clostridia","Lachnospirales","Lachnospiraceae","Shuttleworthia","Unclassified"
"ASV821",133.699850266487,-6.26252332318885,2.13467376224917,-2.93371447850206,0.0033493215828023,0.0295349266847112,"RFI","Bacteria","Bacteroidota","Bacteroidia","Bacteroidales","Prevotellaceae","Prevotella","ruminicola"
"ASV112",79.3901128807032,-5.53145673604754,1.86959927437238,-2.95863226514379,0.00309007602814917,0.0295349266847112,"RFI","Bacteria","Bacteroidota","Bacteroidia","Bacteroidales","Prevotellaceae","Prevotella","Unclassified"
"ASV201",130.583968953048,-7.61021012924404,2.58963987100913,-2.93871368542009,0.00329577378999583,0.0295349266847112,"RFI","Bacteria","Firmicutes","Negativicutes","Acidaminococcales","Acidaminococcaceae","Succiniclasticum","Unclassified"
"ASV461",544.247359223678,-6.24076198958846,2.17077494435335,-2.87490050768369,0.00404154828960975,0.0301561680070881,"RFI","Bacteria","Bacteroidota","Bacteroidia","Bacteroidales","Prevotellaceae","Prevotella","Unclassified"
"ASV1161",115.060421181499,-5.78085184093471,1.99925862196086,-2.89149776693968,0.00383410317360489,0.0301561680070881,"RFI","Bacteria","Bacteroidota","Bacteroidia","Bacteroidales","Prevotellaceae","Prevotella","Unclassified"
"ASV171",58.3599547056548,-7.21705674787303,2.48909968103222,-2.89946473532958,0.00373800390943543,0.0301561680070881,"RFI","Bacteria","Firmicutes","Clostridia","Lachnospirales","Lachnospiraceae","Unclassified","Unclassified"
"ASV479",67.9916443302222,-6.96681518783592,2.41340237237348,-2.88671929206084,0.00389281365685876,0.0301561680070881,"RFI","Bacteria","Firmicutes","Clostridia","Lachnospirales","Lachnospiraceae","Oribacterium","Unclassified"
"ASV83",149.056151823651,-5.93313567944395,2.07797043277117,-2.85525510174442,0.00430022729879377,0.0308979294802219,"RFI","Bacteria","Firmicutes","Clostridia","Oscillospirales","Hungateiclostridiaceae","Saccharofermentans","Unclassified"
"ASV1681",74.5518916854321,-5.60237850728826,1.97381871621228,-2.83834501176436,0.00453481365358664,0.031419780314136,"RFI","Bacteria","Bacteroidota","Bacteroidia","Bacteroidales","Prevotellaceae","Prevotellaceae UCG-001","Unclassified"
"ASV621",221.030007332637,-6.05592727800825,2.14279254742551,-2.82618459042348,0.00471061097768488,0.0315123630920989,"RFI","Bacteria","Firmicutes","Clostridia","Lachnospirales","Lachnospiraceae","Pseudobutyrivibrio","Unclassified"
"ASV173",701.5082961905,-5.71746186425329,2.10359352435873,-2.71794992618463,0.00656877784450706,0.0358240174786974,"RFI","Bacteria","Bacteroidota","Bacteroidia","Bacteroidales","Prevotellaceae","Prevotella","Unclassified"
"ASV32",283.129848190111,-5.73688606725209,2.08303309284857,-2.75410222091423,0.00588533832322822,0.0358240174786974,"RFI","Bacteria","Bacteroidota","Bacteroidia","Bacteroidales","Prevotellaceae","Unclassified","Unclassified"
"ASV431",415.035169124147,-5.83973006190476,2.12161198945309,-2.75249672934312,0.00591427371914074,0.0358240174786974,"RFI","Bacteria","Bacteroidota","Bacteroidia","Bacteroidales","Prevotellaceae","Prevotella","Unclassified"
"ASV2211",210.258632416076,-6.73387199104905,2.45605171647872,-2.74174682310985,0.00611134262700083,0.0358240174786974,"RFI","Bacteria","Firmicutes","Clostridia","Lachnospirales","Lachnospiraceae","Unclassified","Unclassified"
"ASV250",48.0582104424158,-6.4722797354821,2.36665329263415,-2.73478153966451,0.00624216886306969,0.0358240174786974,"RFI","Bacteria","Bacteroidota","Bacteroidia","Bacteroidales","Prevotellaceae","Prevotella","Unclassified"
"ASV3081",51.9346511660523,-6.06755917874747,2.23565758547283,-2.71399306323745,0.00664775582078921,0.0358240174786974,"RFI","Bacteria","Bacteroidota","Bacteroidia","Bacteroidales","Prevotellaceae","Prevotella","Unclassified"
"ASV341",51.7450874365524,-6.79963541461727,2.49814654056451,-2.72187211767039,0.00649132567379316,0.0358240174786974,"RFI","Bacteria","Firmicutes","Clostridia","Lachnospirales","Lachnospiraceae","Moryella","Unclassified"
"ASV36",1927.28063787839,-5.07765959863103,1.96114951138207,-2.58912416884151,0.00962203918600776,0.0384594122938771,"RFI","Bacteria","Firmicutes","Negativicutes","Acidaminococcales","Acidaminococcaceae","Succiniclasticum","Unclassified"
"ASV9",129.956333220917,3.18995808159483,1.20819451396786,2.6402686361475,0.00828403339167492,0.0384594122938771,"RFI","Bacteria","Firmicutes","Bacilli","Lactobacillales","Streptococcaceae","Streptococcus","Unclassified"
"ASV281",331.722077666744,-5.1683155345841,1.97200863554155,-2.62083818571351,0.00877138842003698,0.0384594122938771,"RFI","Bacteria","Bacteroidota","Bacteroidia","Bacteroidales","Prevotellaceae","Prevotella","Unclassified"
"ASV344",465.154567178398,-5.19812948500314,2.03631571915942,-2.55271293940063,0.0106887550127685,0.0384594122938771,"RFI","Bacteria","Bacteroidota","Bacteroidia","Bacteroidales","Prevotellaceae","Prevotella","Unclassified"
"ASV491",184.774268450474,-4.65435310404778,1.82798125901885,-2.54617112789546,0.01089117820301,0.0384594122938771,"RFI","Bacteria","Bacteroidota","Bacteroidia","Bacteroidales","Prevotellaceae","Prevotella","bryantii"
"ASV511",148.999175971945,-5.46761341266043,2.17497054992786,-2.51387928578701,0.0119411298868424,0.0384594122938771,"RFI","Bacteria","Firmicutes","Clostridia","Oscillospirales","Oscillospiraceae","NK4A214 group","Unclassified"
"ASV57",87.2551477969267,-5.12794779731936,1.97813252627108,-2.59231761735697,0.00953317134330812,0.0384594122938771,"RFI","Bacteria","Firmicutes","Clostridia","Oscillospirales","Oscillospiraceae","NK4A214 group","Unclassified"
"ASV77",183.252966472259,-5.96451596638987,2.3360612955332,-2.55323607209907,0.0106727131062735,0.0384594122938771,"RFI","Bacteria","Bacteroidota","Bacteroidia","Bacteroidales","Prevotellaceae","Prevotella","Unclassified"
"ASV781",191.628516531657,-5.11288148658905,1.98984069227005,-2.56949287772187,0.0101847485371797,0.0384594122938771,"RFI","Bacteria","Bacteroidota","Bacteroidia","Bacteroidales","Prevotellaceae","Prevotella","Unclassified"
"ASV931",154.935662750717,-5.24709636953581,2.0957593366031,-2.50367314504753,0.0122911523825793,0.0384594122938771,"RFI","Bacteria","Bacteroidota","Bacteroidia","Bacteroidales","Prevotellaceae","Prevotella","Unclassified"
"ASV1141",96.3769061410379,-5.6357611578919,2.22070904255769,-2.53782060138816,0.0111545147601108,0.0384594122938771,"RFI","Bacteria","Firmicutes","Clostridia","Lachnospirales","Lachnospiraceae","Lachnospira","Unclassified"
"ASV123",88.9527340406341,-5.18284882241436,2.01848743175775,-2.56768941974586,0.0102378837770934,0.0384594122938771,"RFI","Bacteria","Bacteroidota","Bacteroidia","Bacteroidales","Prevotellaceae","Prevotella","Unclassified"
"ASV1261",295.553749350755,-6.1225650066332,2.43055909046837,-2.5189945106224,0.0117690491506538,0.0384594122938771,"RFI","Bacteria","Bacteroidota","Bacteroidia","Bacteroidales","Prevotellaceae","Prevotellaceae NK3B31 group","Unclassified"
"ASV130",160.998191835945,-5.15233977443462,2.02044562605111,-2.55010068472106,0.0107691812810626,0.0384594122938771,"RFI","Bacteria","Bacteroidota","Bacteroidia","Bacteroidales","Prevotellaceae","Prevotella","Unclassified"
"ASV135",162.40599662207,-6.08766670959757,2.41267022515878,-2.5232071279849,0.0116289882445058,0.0384594122938771,"RFI","Bacteria","Bacteroidota","Bacteroidia","Bacteroidales","Prevotellaceae","Prevotella","Unclassified"
"ASV1441",170.870219657169,-5.94368553935664,2.37183420571214,-2.50594477684922,0.0122124691936146,0.0384594122938771,"RFI","Bacteria","Bacteroidota","Bacteroidia","Bacteroidales","Prevotellaceae","Prevotella","Unclassified"
"ASV1581",90.5933893571436,-5.12512252669678,2.02714188497378,-2.52825052093631,0.0114632523307917,0.0384594122938771,"RFI","Bacteria","Bacteroidota","Bacteroidia","Bacteroidales","Prevotellaceae","Prevotella","Unclassified"
"ASV2091",52.0565441121716,-5.39929138665067,2.13603700288978,-2.52771435108387,0.0114807717881669,0.0384594122938771,"RFI","Bacteria","Firmicutes","Clostridia","Lachnospirales","Lachnospiraceae","[Eubacterium] ruminantium group","Unclassified"
"ASV2131",94.0892142975454,-6.35732960479517,2.43143019657574,-2.61464615095609,0.00893199375111425,0.0384594122938771,"RFI","Bacteria","Firmicutes","Clostridia","Lachnospirales","Lachnospiraceae","Unclassified","Unclassified"
"ASV219",84.3567331102071,-6.31520949080011,2.52202631050491,-2.5040220494511,0.0122790381591972,0.0384594122938771,"RFI","Bacteria","Firmicutes","Negativicutes","Veillonellales-Selenomonadales","Selenomonadaceae","Schwartzia","succinivorans"
"ASV2331",79.9267953250656,-7.04560903130729,2.67096697754205,-2.63784954683004,0.00834335894271496,0.0384594122938771,"RFI","Bacteria","Bacteroidota","Bacteroidia","Bacteroidales","Prevotellaceae","Prevotellaceae UCG-001","Unclassified"
"ASV2901",48.8182144232799,-5.83186255666378,2.24338389209094,-2.59958296804396,0.00933371125574245,0.0384594122938771,"RFI","Bacteria","Bacteroidota","Bacteroidia","Bacteroidales","Prevotellaceae","Prevotella","Unclassified"
"ASV2981",59.2405186890147,-5.92382808742189,2.26147564279382,-2.61945252706927,0.00880710300448288,0.0384594122938771,"RFI","Bacteria","Firmicutes","Clostridia","Lachnospirales","Lachnospiraceae","Unclassified","Unclassified"
"ASV299",64.592142465424,-6.24567140690676,2.37446931443414,-2.63034412318576,0.00852984765407251,0.0384594122938771,"RFI","Bacteria","Firmicutes","Negativicutes","Veillonellales-Selenomonadales","Selenomonadaceae","Unclassified","Unclassified"
"ASV503",60.7457056271088,-6.732871027687,2.67658447209726,-2.51547115283509,0.0118873404917476,0.0384594122938771,"RFI","Bacteria","Actinobacteriota","Actinobacteria","Bifidobacteriales","Bifidobacteriaceae","Pseudoscardovia","Unclassified"
"ASV767",45.6305493917322,-8.04834109728475,3.16897641037896,-2.53972893926412,0.0110938411571389,0.0384594122938771,"RFI","Bacteria","Firmicutes","Clostridia","Lachnospirales","Lachnospiraceae","[Eubacterium] ruminantium group","Unclassified"
"ASV1001",189.974424517211,-5.65148860074302,2.27550175596286,-2.48362304530573,0.0130053395359833,0.0400481884123929,"RFI","Bacteria","Bacteroidota","Bacteroidia","Bacteroidales","Prevotellaceae","Prevotella","Unclassified"
"ASV3431",46.8151918575553,-6.44923348523582,2.6091389952026,-2.47178609383938,0.0134439931553053,0.0407521042520193,"RFI","Bacteria","Firmicutes","Clostridia","Lachnospirales","Lachnospiraceae","Unclassified","Unclassified"
"ASV2051",94.2940145844135,-5.82692480625538,2.36270371971509,-2.46621053568156,0.0136551046950558,0.0407552355513974,"RFI","Bacteria","Firmicutes","Clostridia","Lachnospirales","Lachnospiraceae","Unclassified","Unclassified"
"ASV241",498.903147028727,-5.68499363989522,2.31191812635624,-2.45899436276976,0.0139326805502529,0.0409536367689253,"RFI","Bacteria","Bacteroidota","Bacteroidia","Bacteroidales","Prevotellaceae","Prevotellaceae UCG-001","Unclassified"
"ASV59",364.436871492275,-5.68066165739107,2.34260764258828,-2.42493089927542,0.0153113008084852,0.0419608306762523,"RFI","Bacteria","Bacteroidota","Bacteroidia","Bacteroidales","Prevotellaceae","Unclassified","Unclassified"
"ASV69",126.989980390555,-5.71247708986406,2.36664201469715,-2.41374785640956,0.0157893847390022,0.0419608306762523,"RFI","Bacteria","Firmicutes","Clostridia","Oscillospirales","Oscillospiraceae","NK4A214 group","Unclassified"
"ASV79",62.0196205439962,-5.17132014215645,2.12663842794708,-2.43168752816553,0.0150286663200186,0.0419608306762523,"RFI","Bacteria","Firmicutes","Clostridia","Lachnospirales","Lachnospiraceae","Lachnospiraceae NK3A20 group","Unclassified"
"ASV127",112.708427650848,-5.72379842861614,2.36979972688341,-2.41530892407675,0.0157218690005923,0.0419608306762523,"RFI","Bacteria","Firmicutes","Clostridia","Lachnospirales","Lachnospiraceae","Unclassified","Unclassified"
"ASV1701",90.474655476014,-5.35001902701057,2.21433118862017,-2.41608800639455,0.015688269004738,0.0419608306762523,"RFI","Bacteria","Bacteroidota","Bacteroidia","Bacteroidales","Prevotellaceae","Prevotellaceae YAB2003 group","Unclassified"
"ASV2041",59.9009342282598,-5.25842413932459,2.16396844799437,-2.42999113235604,0.0150991922524835,0.0419608306762523,"RFI","Bacteria","Firmicutes","Clostridia","Lachnospirales","Lachnospiraceae","Moryella","Unclassified"
"ASV2291",65.7546811240796,-5.49358602993875,2.26369533352435,-2.42682217371796,0.0152317196725315,0.0419608306762523,"RFI","Bacteria","Firmicutes","Bacilli","Erysipelotrichales","Erysipelotrichaceae","Unclassified","Unclassified"
"ASV401",567.857936702661,-6.81898003779286,2.88175101028081,-2.36626273868414,0.017968687418953,0.0440101416470902,"RFI","Bacteria","Bacteroidota","Bacteroidia","Bacteroidales","Prevotellaceae","Prevotella","Unclassified"
"ASV641",169.855805154489,-5.06777180383592,2.14921312700669,-2.35796615056695,0.0183753684196614,0.0440101416470902,"RFI","Bacteria","Bacteroidota","Bacteroidia","Bacteroidales","Prevotellaceae","Prevotella","Unclassified"
"ASV1371",102.093461405049,-5.68140266975453,2.40563821763804,-2.36170286458651,0.0181912160052906,0.0440101416470902,"RFI","Bacteria","Bacteroidota","Bacteroidia","Bacteroidales","Prevotellaceae","Prevotellaceae Ga6A1 group","Unclassified"
"ASV1621",66.2858952158135,-5.83166659148951,2.47069578083311,-2.3603337313844,0.0182585010788418,0.0440101416470902,"RFI","Bacteria","Firmicutes","Clostridia","Lachnospirales","Lachnospiraceae","Butyrivibrio","Unclassified"
"ASV2031",57.4326494076201,-6.11963139823506,2.58520938742485,-2.36717049999996,0.0179246730343532,0.0440101416470902,"RFI","Bacteria","Firmicutes","Clostridia","Lachnospirales","Lachnospiraceae","Butyrivibrio","Unclassified"
"ASV214",54.0299321453351,-8.76359858002339,3.70100992020225,-2.36789383681103,0.0178896684361772,0.0440101416470902,"RFI","Bacteria","Firmicutes","Clostridia","Oscillospirales","Ruminococcaceae","Unclassified","Unclassified"
"ASV2791",49.1391463309021,-5.69424117847464,2.41024396733373,-2.36251651519483,0.0181513326639723,0.0440101416470902,"RFI","Bacteria","Firmicutes","Clostridia","Lachnospirales","Lachnospiraceae","Shuttleworthia","Unclassified"
"ASV3751",48.2388018702895,-5.34132820074662,2.24652413554492,-2.37759662415156,0.0174258768320208,0.0440101416470902,"RFI","Bacteria","Bacteroidota","Bacteroidia","Bacteroidales","Prevotellaceae","Prevotella","Unclassified"
"ASV3931",55.5290228359685,-5.62358394983067,2.39013420602205,-2.35283187683009,0.0186310556814871,0.0440783512464451,"RFI","Bacteria","Bacteroidota","Bacteroidia","Bacteroidales","Prevotellaceae","Unclassified","Unclassified"
"ASV246",47.7632349111518,-5.4131972114124,2.31374385438233,-2.33958361516966,0.0193052496280934,0.0451231135885556,"RFI","Bacteria","Firmicutes","Clostridia","Oscillospirales","Oscillospiraceae","UCG-005","Unclassified"
"ASV121",149.513946981419,-5.37348896389905,2.30975830945785,-2.32642910814349,0.0199956702834186,0.046180476606943,"RFI","Bacteria","Bacteroidota","Bacteroidia","Bacteroidales","Prevotellaceae","Prevotella","Unclassified"
"ASV6",324.49900674003,2.86947381418112,1.24484973261048,2.30507645944042,0.0211622916365175,0.04665323383505,"RFI","Bacteria","Firmicutes","Bacilli","Lactobacillales","Streptococcaceae","Streptococcus","Unclassified"
"ASV481",187.207244941049,-5.57757700593954,2.41901201956066,-2.30572521378068,0.0211259913244203,0.04665323383505,"RFI","Bacteria","Firmicutes","Clostridia","Oscillospirales","Oscillospiraceae","NK4A214 group","Unclassified"
"ASV1561",170.055696422805,-6.09531639101758,2.63574141447849,-2.31256236197343,0.0207467129010783,0.04665323383505,"RFI","Bacteria","Bacteroidota","Bacteroidia","Bacteroidales","Prevotellaceae","Prevotella","Unclassified"
"ASV2371",61.5335080343806,-6.24317627557495,2.69701534062576,-2.31484640874398,0.0206213391041767,0.04665323383505,"RFI","Bacteria","Firmicutes","Clostridia","Lachnospirales","Lachnospiraceae","Pseudobutyrivibrio","xylanivorans"
"ASV284",67.7054024533371,-6.11500012916019,2.66299138056382,-2.29628986927682,0.0216593129648964,0.0472124350021337,"RFI","Bacteria","Bacteroidota","Bacteroidia","Bacteroidales","Prevotellaceae","Prevotella","Unclassified"
"ASV202",385.801533121041,-5.02856351840287,2.2013160459385,-2.28434418932289,0.0223513107983461,0.0480493336940189,"RFI","Bacteria","Bacteroidota","Bacteroidia","Bacteroidales","Prevotellaceae","Prevotella","Unclassified"
"ASV671",138.188655122095,-5.49330371266754,2.40811184427172,-2.28116635269027,0.0225386049801841,0.0480493336940189,"RFI","Bacteria","Bacteroidota","Bacteroidia","Bacteroidales","Rikenellaceae","Rikenellaceae RC9 gut group","Unclassified"
"ASV186",92.881587613026,-6.00659418497579,2.64741896505406,-2.26884911842926,0.0232775028159389,0.0490851689814364,"RFI","Bacteria","Bacteroidota","Bacteroidia","Bacteroidales","Prevotellaceae","Prevotella","Unclassified"
"ASV50",188.77099433197,-5.36301432432373,2.37284737225141,-2.26015983456837,0.0238113326776111,0.0496709520371673,"RFI","Bacteria","Firmicutes","Clostridia","Lachnospirales","Lachnospiraceae","Butyrivibrio","Unclassified"
"ASV11",162.54267775944,2.72016002224735,1.22476987943593,2.22095600807893,0.02635394115294,0.0497761402190158,"RFI","Bacteria","Firmicutes","Bacilli","Lactobacillales","Streptococcaceae","Streptococcus","ovuberis"
"ASV521",223.60643143615,-5.14099544952948,2.32374397712523,-2.21237601910411,0.0269406944484364,0.0497761402190158,"RFI","Bacteria","Bacteroidota","Bacteroidia","Bacteroidales","Prevotellaceae","Prevotella","Unclassified"
"ASV721",108.754565565923,-5.00720124228114,2.25271200714521,-2.2227436203115,0.0262330927450088,0.0497761402190158,"RFI","Bacteria","Bacteroidota","Bacteroidia","Bacteroidales","Prevotellaceae","Prevotella","Unclassified"
"ASV731",174.024882684202,-5.39539824451802,2.43193868076612,-2.2185585052738,0.0265167751771172,0.0497761402190158,"RFI","Bacteria","Bacteroidota","Bacteroidia","Bacteroidales","Prevotellaceae","Prevotella","Unclassified"
"ASV161",61.0333270198876,-4.94529099615438,2.22394302253169,-2.22365903534919,0.0261713933411759,0.0497761402190158,"RFI","Bacteria","Firmicutes","Clostridia","Oscillospirales","Hungateiclostridiaceae","Saccharofermentans","Unclassified"
"ASV177",63.847375372247,-6.42534080824077,2.90214269894172,-2.21399892244575,0.0268288530597509,0.0497761402190158,"RFI","Bacteria","Firmicutes","Clostridia","Lachnospirales","Lachnospiraceae","Lachnospiraceae AC2044 group","bacterium"
"ASV1851",58.625841561846,-5.85844154101936,2.64583718920475,-2.21421089888762,0.0268142744769216,0.0497761402190158,"RFI","Bacteria","Firmicutes","Clostridia","Lachnospirales","Lachnospiraceae","[Eubacterium] ruminantium group","Unclassified"
"ASV247",70.3257226989547,-5.70957633610623,2.56268044462878,-2.22797046275245,0.0258824847415676,0.0497761402190158,"RFI","Bacteria","Firmicutes","Clostridia","Lachnospirales","Lachnospiraceae","Lachnospira","Unclassified"
"ASV289",87.9046502355624,-5.62120418024045,2.49673713014294,-2.25142010841912,0.0243589417150777,0.0497761402190158,"RFI","Bacteria","Firmicutes","Negativicutes","Veillonellales-Selenomonadales","Selenomonadaceae","Unclassified","Unclassified"
"ASV3011",65.2285885675146,-5.80773754048176,2.60229299198928,-2.23177695915099,0.0256297078806843,0.0497761402190158,"RFI","Bacteria","Bacteroidota","Bacteroidia","Bacteroidales","Prevotellaceae","Prevotella","Unclassified"
"ASV326",48.559702866327,-5.18197396045044,2.30940720534545,-2.2438545911072,0.0248417586131026,0.0497761402190158,"RFI","Bacteria","Bacteroidota","Bacteroidia","Bacteroidales","Prevotellaceae","Prevotella","Unclassified"
"ASV3961",49.9726510817019,-5.96964599748205,2.66480783633936,-2.24017879115912,0.0250793179789052,0.0497761402190158,"RFI","Bacteria","Firmicutes","Negativicutes","Veillonellales-Selenomonadales","Selenomonadaceae","Anaerovibrio","lipolyticus"
