"","baseMean","log2FoldChange","lfcSE","stat","pvalue","padj","Kingdom","Phylum","Class","Order","Family","Genus","Species","Comp","ASV"
"1",1195.37166498849,0.00505974601387277,0.00125972216804742,4.01655709664569,5.90545611189544e-05,0.00564126465425801,"Bacteria","Proteobacteria","Gammaproteobacteria","Enterobacterales","Pasteurellaceae","Unclassified","Unclassified","All_DIM","ASV2"
"2",344.981296188564,0.00537700197368449,0.00147361855586289,3.64884247167744,0.00026342456387207,0.0129220427953461,"Bacteria","Proteobacteria","Gammaproteobacteria","Burkholderiales","Neisseriaceae","Alysiella","Unclassified","All_DIM","ASV12"
"3",189.00150948856,0.00931793720699299,0.00170319901756704,5.47084463464719,4.47895818527413e-08,8.12930910627254e-05,"Bacteria","Proteobacteria","Gammaproteobacteria","Pseudomonadales","Moraxellaceae","Moraxella","Unclassified","All_DIM","ASV19"
"4",261.845857726027,0.00726601031678657,0.00166854150089471,4.35470757718065,1.33244667411446e-05,0.0018603005488598,"Bacteria","Proteobacteria","Gammaproteobacteria","Burkholderiales","Neisseriaceae","Conchiformibius","Unclassified","All_DIM","ASV29"
"5",49.4770006481319,0.00788299765919907,0.00203191103950251,3.87959782979925,0.000104629314013478,0.00686160898836614,"Bacteria","Firmicutes","Bacilli","Lactobacillales","Lactobacillaceae","Lactobacillus","Unclassified","All_DIM","ASV30"
"6",222.68311674426,0.008175427277259,0.00197590794407227,4.13755473871407,3.5102672292084e-05,0.00378848192975047,"Bacteria","Proteobacteria","Gammaproteobacteria","Pseudomonadales","Moraxellaceae","Moraxella","Unclassified","All_DIM","ASV39"
"7",80.9915561195706,-0.00540858465268391,0.00156290301728385,-3.46060158107791,0.000538969845814626,0.0227495411663615,"Bacteria","Bacteroidota","Bacteroidia","Bacteroidales","Prevotellaceae","Prevotella","Unclassified","All_DIM","ASV40"
"8",65.5500096585748,-0.00427455838088742,0.0013125707652029,-3.25663079980808,0.00112742972388989,0.0352807749803475,"Bacteria","Bacteroidota","Bacteroidia","Bacteroidales","Prevotellaceae","Prevotella","Unclassified","All_DIM","ASV46"
"9",126.253032448838,0.00580452835163923,0.00156392580926159,3.71151132442775,0.000206025448726974,0.0109981232188076,"Bacteria","Bacteroidota","Bacteroidia","Flavobacteriales","Weeksellaceae","Bergeyella","Unclassified","All_DIM","ASV63"
"10",53.4022108165683,0.00648975600661466,0.00197841649724503,3.28027794736434,0.00103704863837776,0.0336114871188505,"Bacteria","Firmicutes","Bacilli","Lactobacillales","Streptococcaceae","Streptococcus","Unclassified","All_DIM","ASV76"
"11",51.8018046314568,0.00932415275790846,0.00224343882357535,4.15618766151539,3.23602052503422e-05,0.00378848192975047,"Bacteria","Firmicutes","Bacilli","Lactobacillales","Streptococcaceae","Unclassified","Unclassified","All_DIM","ASV113"
"12",16.2772494458418,-0.00784545480767714,0.0020237111484345,-3.87676611543412,0.00010585402296102,0.00686160898836614,"Bacteria","Bacteroidota","Bacteroidia","Bacteroidales","Prevotellaceae","Prevotella","Unclassified","All_DIM","ASV132"
"13",17.6986784139627,-0.00693063141046519,0.00159106562729902,-4.35596828411822,1.32479959559196e-05,0.0018603005488598,"Bacteria","Bacteroidota","Bacteroidia","Bacteroidales","Prevotellaceae","Prevotella","Unclassified","All_DIM","ASV143"
"14",12.4179562935726,-0.00605998720991908,0.00176107889068124,-3.44106515726554,0.000579428983990298,0.0233703023542754,"Bacteria","Bacteroidota","Bacteroidia","Bacteroidales","Prevotellaceae","Prevotella","Unclassified","All_DIM","ASV146"
"15",27.048983227298,0.0109433875342429,0.00288052853973056,3.79909012644831,0.000145228276846169,0.00878631074919322,"Bacteria","Proteobacteria","Gammaproteobacteria","Pseudomonadales","Moraxellaceae","Moraxella","Unclassified","All_DIM","ASV179"
"16",16.9491801560044,-0.00918385512188283,0.0018669371197169,-4.91920966426308,8.68943536427038e-07,0.000394283129653768,"Bacteria","Bacteroidota","Bacteroidia","Bacteroidales","Prevotellaceae","Prevotella","ruminicola","All_DIM","ASV208"
"17",24.190519569273,0.0101369484017896,0.00254140698546974,3.98871509354727,6.64321505898226e-05,0.0057416358724061,"Bacteria","Bacteroidota","Bacteroidia","Flavobacteriales","Weeksellaceae","Unclassified","Unclassified","All_DIM","ASV264"
"18",18.2176255226047,0.0117124059758174,0.00246893535034532,4.74390954553722,2.09632484889653e-06,0.000599406836653086,"Bacteria","Firmicutes","Bacilli","Lactobacillales","Streptococcaceae","Streptococcus","Unclassified","All_DIM","ASV271"
"19",16.0425460393014,-0.0109864562842824,0.00209809336810134,-5.23640008176782,1.63738818705786e-07,0.000148592977975501,"Bacteria","Bacteroidota","Bacteroidia","Bacteroidales","Prevotellaceae","Prevotella","Unclassified","All_DIM","ASV284"
"20",19.6083061334126,0.00719479129930148,0.00223491048691844,3.21927492909207,0.00128515203917432,0.0395347618830745,"Bacteria","Bacteroidota","Bacteroidia","Bacteroidales","Porphyromonadaceae","Porphyromonas","Unclassified","All_DIM","ASV285"
"21",19.4868668183383,0.0084774208936266,0.00247734711609698,3.4219754020513,0.00062167937598805,0.0244028898322365,"Bacteria","Firmicutes","Bacilli","Lactobacillales","Streptococcaceae","Unclassified","Unclassified","All_DIM","ASV311"
"22",8.48699534815653,-0.00622019464230907,0.0019543838363981,-3.18268833709391,0.00145914583924237,0.0441391616370817,"Bacteria","Firmicutes","Clostridia","Lachnospirales","Lachnospiraceae","Unclassified","Unclassified","All_DIM","ASV334"
"23",17.8563981640377,0.00923979602012177,0.00264149994826639,3.49793534017891,0.000468874793023521,0.020756286569212,"Bacteria","Firmicutes","Bacilli","Lactobacillales","Streptococcaceae","Streptococcus","Unclassified","All_DIM","ASV336"
"24",18.130201654647,0.0144175409281475,0.00415592489582608,3.46915338692176,0.000522101278924943,0.0225622338392565,"Bacteria","Actinobacteriota","Actinobacteria","Micrococcales","Micrococcaceae","Rothia","Unclassified","All_DIM","ASV358"
"25",4.41075635863585,-0.0152665338237893,0.00325751589788096,-4.6865569662209,2.77839509919271e-06,0.000630348388129345,"Bacteria","Firmicutes","Negativicutes","Acidaminococcales","Acidaminococcaceae","Succiniclasticum","ruminis","All_DIM","ASV364"
"26",8.18896609806856,-0.0124814403172372,0.00338316805526345,-3.68927588383286,0.000224893242100186,0.0116623209831954,"Bacteria","Proteobacteria","Gammaproteobacteria","Enterobacterales","Unclassified","Unclassified","Unclassified","All_DIM","ASV380"
"27",17.9784043007447,0.00775096701118622,0.00187444567486951,4.13507156547805,3.54844037497289e-05,0.00378848192975047,"Bacteria","Firmicutes","Bacilli","Lactobacillales","Streptococcaceae","Unclassified","Unclassified","All_DIM","ASV391"
"28",13.9601655982828,-0.00482011335643827,0.00144965688208893,-3.32500291344292,0.000884176110862468,0.0308924785340695,"Bacteria","Bacteroidota","Bacteroidia","Bacteroidales","Prevotellaceae","Unclassified","Unclassified","All_DIM","ASV393"
"29",3.16474584714212,-0.0113216037597709,0.00299950950747762,-3.77448503881943,0.000160338530028161,0.00938756232261654,"Bacteria","Firmicutes","Negativicutes","Acidaminococcales","Acidaminococcaceae","Succiniclasticum","Unclassified","All_DIM","ASV419"
"30",23.2373370437313,0.00919296483747304,0.00276554494664494,3.32410610379905,0.000887024407854959,0.0308924785340695,"Bacteria","Proteobacteria","Gammaproteobacteria","Enterobacterales","Pasteurellaceae","Unclassified","Unclassified","All_DIM","ASV424"
"31",10.0490022144237,0.0223994858651876,0.004741569958177,4.72406524901292,2.31176190444716e-06,0.000599406836653086,"Bacteria","Actinobacteriota","Actinobacteria","Micrococcales","Micrococcaceae","Rothia","Unclassified","All_DIM","ASV428"
"32",3.63539987755309,0.00620798080389253,0.00169747783497064,3.65717930213792,0.000255006006261361,0.012856552815677,"Bacteria","Firmicutes","Clostridia","Clostridia UCG-014","Unclassified","Unclassified","Unclassified","All_DIM","ASV433"
"33",1.74423826724454,-0.0079511472991028,0.00239912780104818,-3.314182468991,0.000919115063823555,0.0308924785340695,"Bacteria","Bacteroidota","Bacteroidia","Bacteroidales","Prevotellaceae","Prevotella","Unclassified","All_DIM","ASV434"
"34",9.28526406680608,-0.00581738862488707,0.00176780995112762,-3.29073191446646,0.000999270947742775,0.0329759412755116,"Bacteria","Fibrobacterota","Fibrobacteria","Fibrobacterales","Fibrobacteraceae","Fibrobacter","succinogenes","All_DIM","ASV436"
"35",6.2208315031083,-0.0120980276538942,0.00263620006719638,-4.58919177054741,4.44965503824829e-06,0.000897347099380072,"Bacteria","Bacteroidota","Bacteroidia","Bacteroidales","Prevotellaceae","Prevotella","Unclassified","All_DIM","ASV438"
"36",6.10045335894289,-0.00972530327991782,0.00190717898300393,-5.09931336627873,3.40887796562242e-07,0.000206237116920157,"Bacteria","Bacteroidota","Bacteroidia","Bacteroidales","Prevotellaceae","Prevotella","Unclassified","All_DIM","ASV455"
"37",3.16935530944527,-0.00767255513513311,0.00205303659659793,-3.7371740707629,0.000186100090809609,0.0105553645256075,"Bacteria","Bacteroidota","Bacteroidia","Bacteroidales","Prevotellaceae","Prevotella","Unclassified","All_DIM","ASV534"
"38",1.46533865622729,-0.00861310069610835,0.00273024495160652,-3.15469888188614,0.00160663832719243,0.0478040748172828,"Bacteria","Bacteroidota","Bacteroidia","Bacteroidales","Prevotellaceae","Unclassified","Unclassified","All_DIM","ASV613"
"39",3.40045479907629,-0.0123045816874237,0.00259090999360067,-4.74913513700399,2.04288404758153e-06,0.000599406836653086,"Bacteria","Bacteroidota","Bacteroidia","Bacteroidales","Prevotellaceae","Prevotellaceae NK3B31 group","Unclassified","All_DIM","ASV655"
"40",4.62479430642911,0.0248324592937261,0.00628582077920466,3.95055159317924,7.79712870219501e-05,0.00643263117931088,"Bacteria","Proteobacteria","Gammaproteobacteria","Enterobacterales","Pasteurellaceae","Unclassified","Unclassified","All_DIM","ASV668"
"41",7.1243180034349,0.0116524560094403,0.00299793457069948,3.88682799262078,0.00010156266667691,0.00686160898836614,"Bacteria","Firmicutes","Bacilli","Lactobacillales","Streptococcaceae","Streptococcus","Unclassified","All_DIM","ASV799"
"42",2.06779164073697,-0.0119385076162798,0.00286911192515171,-4.16104631946296,3.16792818268103e-05,0.00378848192975047,"Bacteria","Firmicutes","Negativicutes","Acidaminococcales","Acidaminococcaceae","Succiniclasticum","Unclassified","All_DIM","ASV809"
"43",14.9441776231562,0.0170833076604717,0.00505923242072717,3.37665998313956,0.000733716890244145,0.0277436699123567,"Bacteria","Proteobacteria","Gammaproteobacteria","Enterobacterales","Pasteurellaceae","Unclassified","Unclassified","All_DIM","ASV837"
"44",5.32677607218997,0.0103060052378303,0.00270649191355722,3.80788325514885,0.00014016141128782,0.00877217108577215,"Bacteria","Bacteroidota","Bacteroidia","Flavobacteriales","Weeksellaceae","Bergeyella","Unclassified","All_DIM","ASV887"
"45",2.03530257099013,-0.00666056083448183,0.0020391244117171,-3.26638276517572,0.00108930901369061,0.034685892278043,"Bacteria","Bacteroidota","Bacteroidia","Bacteroidales","Prevotellaceae","Prevotella","Unclassified","All_DIM","ASV924"
"46",1.42360968039684,0.00681871676836125,0.00199521764003764,3.41753031425314,0.000631920563148823,0.0244028898322365,"Bacteria","Firmicutes","Clostridia","Clostridia UCG-014","Unclassified","Unclassified","Unclassified","All_DIM","ASV946"
"47",1.17045917291992,-0.00888807316562428,0.00257879528543312,-3.44659896651373,0.000567690595250684,0.0233703023542754,"Bacteria","Synergistota","Synergistia","Synergistales","Synergistaceae","Pyramidobacter","Unclassified","All_DIM","ASV1021"
"48",5.47400634515543,0.0125128039500255,0.00312538910975792,4.00359875541853,6.23861410382061e-05,0.0056615422992172,"Bacteria","Patescibacteria","Gracilibacteria","Unclassified","Unclassified","Unclassified","Unclassified","All_DIM","ASV1033"
"49",3.39015028603696,-0.0130378536074547,0.0036451586837256,-3.57675885707371,0.000347880814225303,0.0157850919454731,"Bacteria","Bacteroidota","Bacteroidia","Flavobacteriales","Flavobacteriaceae","Flavobacterium","Unclassified","All_DIM","ASV1118"
"50",0.934339552902515,0.0108974847087261,0.00328361009392133,3.31875112970924,0.000904209765987267,0.0308924785340695,"Bacteria","Firmicutes","Clostridia","Lachnospirales","Lachnospiraceae","Unclassified","Unclassified","All_DIM","ASV1245"
"51",2.3783000661417,-0.0167504743860095,0.00462327463994002,-3.62307578297508,0.000291120483007657,0.0139048335962868,"Bacteria","Bacteroidota","Bacteroidia","Bacteroidales","Prevotellaceae","Prevotellaceae NK3B31 group","Unclassified","All_DIM","ASV1247"
"52",2.91235616152654,-0.0143133515076134,0.00364722774696042,-3.92444686777294,8.69292419389108e-05,0.00657402392163013,"Bacteria","Bacteroidota","Bacteroidia","Bacteroidales","Prevotellaceae","Unclassified","Unclassified","All_DIM","ASV1252"
"53",1.26209134542314,-0.00699474900791205,0.00179239752969491,-3.90245405499006,9.52223171368823e-05,0.00686160898836614,"Bacteria","Firmicutes","Clostridia","Lachnospirales","Lachnospiraceae","Unclassified","Unclassified","All_DIM","ASV1314"
"54",3.21422693862911,-0.0170887899899763,0.00375569908195648,-4.55009563254841,5.36215396988942e-06,0.00097323094553493,"Bacteria","Bacteroidota","Bacteroidia","Bacteroidales","Prevotellaceae","Prevotella","Unclassified","All_DIM","ASV1387"
"55",3.72046667849424,-0.00689620721501445,0.00206257611817225,-3.34349222521084,0.000827310122144423,0.0306442422794312,"Bacteria","Bacteroidota","Bacteroidia","Bacteroidales","Prevotellaceae","Unclassified","Unclassified","All_DIM","ASV1410"
"56",1.23034178144692,-0.00940692262804665,0.00239310170715647,-3.93084949123376,8.46462512739767e-05,0.00657402392163013,"Bacteria","Firmicutes","Clostridia","Lachnospirales","Lachnospiraceae","Acetitomaculum","Unclassified","All_DIM","ASV1607"
"57",13.2135455701729,0.0230565079331702,0.0062108819695558,3.71227597725853,0.000205403841195712,0.0109981232188076,"Bacteria","Proteobacteria","Gammaproteobacteria","Thiotrichales","Thiotrichaceae","Thiothrix","Unclassified","All_DIM","ASV1767"
"58",1.02922941528207,-0.0144147827595079,0.00354507273006077,-4.06614584724212,4.77970298335885e-05,0.0048195338415535,"Bacteria","Firmicutes","Clostridia","Lachnospirales","Lachnospiraceae","[Ruminococcus] gauvreauii group","Unclassified","All_DIM","ASV1821"
"59",1.89856814072259,0.0105409493694476,0.0029453598519865,3.57883243446069,0.000345132657181961,0.0157850919454731,"Bacteria","Firmicutes","Bacilli","Lactobacillales","Carnobacteriaceae","Unclassified","Unclassified","All_DIM","ASV2023"
"60",3.19743261004444,0.015227769963083,0.0034610718093607,4.39972667481166,1.08387308286737e-05,0.00178839058673116,"Bacteria","Patescibacteria","Gracilibacteria","Unclassified","Unclassified","Unclassified","Unclassified","All_DIM","ASV2441"
"61",0.963210688651765,0.0111698583044366,0.00334990134838865,3.3343842527809,0.000854884716189103,0.0308924785340695,"Bacteria","Bacteroidota","Bacteroidia","Flavobacteriales","Weeksellaceae","Unclassified","Unclassified","All_DIM","ASV3286"
"62",987.723082219543,0.00673026607015865,0.00172611411776602,3.89908523479847,9.65567832932084e-05,0.0044571857062123,"Bacteria","Proteobacteria","Gammaproteobacteria","Enterobacterales","Pasteurellaceae","Unclassified","Unclassified","1_DIM","ASV2"
"63",432.170907969941,0.00590172942942335,0.00192837506705665,3.06046760832238,0.00220991663558173,0.0427350095340197,"Bacteria","Proteobacteria","Gammaproteobacteria","Burkholderiales","Neisseriaceae","Unclassified","Unclassified","1_DIM","ASV4"
"64",281.050056568656,0.00922441330449541,0.00213355840877148,4.3234875907648,1.53581780698543e-05,0.0011567133062085,"Bacteria","Firmicutes","Bacilli","Lactobacillales","Streptococcaceae","Streptococcus","Unclassified","1_DIM","ASV6"
"65",200.261750283195,0.010105260532944,0.0023636452832882,4.27528639952521,1.90891741903822e-05,0.00135811820821783,"Bacteria","Proteobacteria","Gammaproteobacteria","Enterobacterales","Pasteurellaceae","Bibersteinia","Unclassified","1_DIM","ASV14"
"66",21.0922490164062,0.0157312579114543,0.00313027158801294,5.02552493262744,5.02057331528327e-07,7.18444041417036e-05,"Bacteria","Firmicutes","Bacilli","Lactobacillales","Lactobacillaceae","Pediococcus","Unclassified","1_DIM","ASV18"
"67",195.794658545675,0.0110616553120523,0.00244418284524724,4.52570695910163,6.01939410506228e-06,0.000506691350843772,"Bacteria","Proteobacteria","Gammaproteobacteria","Enterobacterales","Pasteurellaceae","Bibersteinia","trehalosi","1_DIM","ASV22"
"68",59.4063317899418,0.0108797004236402,0.00210990404435563,5.15649062465441,2.51621075424952e-07,4.50087198666384e-05,"Bacteria","Firmicutes","Negativicutes","Acidaminococcales","Acidaminococcaceae","Succiniclasticum","Unclassified","1_DIM","ASV23"
"69",201.193319363617,0.0119159620471357,0.0022111506022093,5.38903231432075,7.08380692981756e-08,2.02738554331379e-05,"Bacteria","Proteobacteria","Gammaproteobacteria","Burkholderiales","Neisseriaceae","Conchiformibius","Unclassified","1_DIM","ASV29"
"70",80.4358129871244,0.0194967745493429,0.00298769693596158,6.52568683077219,6.76906221693173e-11,2.42163200810733e-08,"Bacteria","Firmicutes","Bacilli","Lactobacillales","Lactobacillaceae","Lactobacillus","Unclassified","1_DIM","ASV30"
"71",207.46676443276,0.0175254669070194,0.00267624247324765,6.54853477672822,5.81043274364272e-11,2.42163200810733e-08,"Bacteria","Proteobacteria","Gammaproteobacteria","Pseudomonadales","Moraxellaceae","Moraxella","Unclassified","1_DIM","ASV39"
"72",26.0093410761501,0.00908508792972081,0.00253203851892762,3.58805281270705,0.000333156815666774,0.0105943867382034,"Bacteria","Bacteroidota","Bacteroidia","Bacteroidales","Prevotellaceae","Prevotella","Unclassified","1_DIM","ASV64"
"73",62.8077535766742,0.00655461395386505,0.00200386880257681,3.27097958979967,0.0010717564521009,0.0273872050527926,"Bacteria","Proteobacteria","Gammaproteobacteria","Burkholderiales","Neisseriaceae","Unclassified","Unclassified","1_DIM","ASV68"
"74",18.2745177312626,0.0110036344444898,0.00322667527485857,3.41020818866632,0.000649133078582694,0.0185781887090367,"Bacteria","Bacteroidota","Bacteroidia","Bacteroidales","Prevotellaceae","Prevotella","Unclassified","1_DIM","ASV73"
"75",49.2626239522889,0.0193994644350852,0.00288958388304637,6.71358410769965,1.89901072987081e-11,1.35874217722256e-08,"Bacteria","Proteobacteria","Gammaproteobacteria","Burkholderiales","Neisseriaceae","Neisseria","Unclassified","1_DIM","ASV75"
"76",45.7035748212769,0.00967791987835995,0.00315212346536433,3.07028578820004,0.00213854030882023,0.042503488637802,"Bacteria","Firmicutes","Bacilli","Lactobacillales","Streptococcaceae","Streptococcus","Unclassified","1_DIM","ASV76"
"77",31.3884433957803,0.00563740125534499,0.00168984369678428,3.33604892930204,0.000849782060826138,0.0229441156423057,"Bacteria","Firmicutes","Bacilli","Lactobacillales","Streptococcaceae","Streptococcus","Unclassified","1_DIM","ASV84"
"78",28.9794233447546,0.0236310590187717,0.0061030976140942,3.87197788942443,0.000107955747242095,0.00482764607198241,"Bacteria","Proteobacteria","Gammaproteobacteria","Pseudomonadales","Moraxellaceae","Moraxella","Unclassified","1_DIM","ASV89"
"79",39.7562759523462,0.0151081392433492,0.00288899900882501,5.22954116536505,1.69931261345006e-07,3.47388049978149e-05,"Bacteria","Firmicutes","Bacilli","Lactobacillales","Streptococcaceae","Unclassified","Unclassified","1_DIM","ASV113"
"80",6.91174447107669,0.0193361407165388,0.00533172498078834,3.62662005002363,0.000287155345822193,0.00933907499708088,"Bacteria","Proteobacteria","Gammaproteobacteria","Pseudomonadales","Moraxellaceae","Unclassified","Unclassified","1_DIM","ASV120"
"81",3.73460603893896,0.018744379463861,0.00602133076711538,3.11299614467796,0.0018519843699088,0.0401504062451773,"Bacteria","Firmicutes","Bacilli","Lactobacillales","Lactobacillaceae","Pediococcus","Unclassified","1_DIM","ASV128"
"82",50.4759866902193,0.0124358926803467,0.00308341371776147,4.0331573439892,5.5032404577987e-05,0.00302889888273459,"Bacteria","Proteobacteria","Gammaproteobacteria","Enterobacterales","Pasteurellaceae","Bibersteinia","trehalosi","1_DIM","ASV131"
"83",28.337062248333,-0.0100148369285274,0.00285710359382173,-3.50524109457694,0.00045619396486262,0.0136002825774669,"Bacteria","Bacteroidota","Bacteroidia","Bacteroidales","Prevotellaceae","Prevotella","Unclassified","1_DIM","ASV132"
"84",15.8144251187287,0.0188671069638333,0.00379769342254287,4.96804372144399,6.76317162369153e-07,8.79827144863871e-05,"Bacteria","Firmicutes","Bacilli","Lactobacillales","Streptococcaceae","Streptococcus","Unclassified","1_DIM","ASV141"
"85",68.0499311977946,0.024644971889427,0.00302017715080867,8.16010805287637,3.3472501680242e-16,4.78991499044263e-13,"Bacteria","Proteobacteria","Gammaproteobacteria","Enterobacterales","Pasteurellaceae","Unclassified","Unclassified","1_DIM","ASV142"
"86",11.7989119691632,0.0114958234306123,0.00293912241366272,3.91131154564136,9.17962690079456e-05,0.00437868203167901,"Bacteria","Bacteroidota","Bacteroidia","Bacteroidales","Prevotellaceae","Prevotella","Unclassified","1_DIM","ASV145"
"87",30.7838074209316,0.00814960516147871,0.00201004344035173,4.05444230600939,5.02540511688529e-05,0.00287654188890514,"Bacteria","Proteobacteria","Gammaproteobacteria","Enterobacterales","Pasteurellaceae","Unclassified","Unclassified","1_DIM","ASV150"
"88",14.0286540649902,0.00670795983936673,0.00218469175223332,3.07043766357861,0.00213745299703463,0.042503488637802,"Bacteria","Bacteroidota","Bacteroidia","Bacteroidales","Prevotellaceae","Prevotella","Unclassified","1_DIM","ASV183"
"89",38.0520332226405,-0.0112338003343573,0.00280090834039116,-4.01077042485026,6.05209369303346e-05,0.00320760965730773,"Bacteria","Bacteroidota","Bacteroidia","Bacteroidales","Prevotellaceae","Prevotella","ruminicola","1_DIM","ASV208"
"90",3.05152297154438,0.0115847252194202,0.00280761433010507,4.12618111227074,3.68836838291941e-05,0.00229480658954681,"Bacteria","Firmicutes","Clostridia","Oscillospirales","Oscillospiraceae","NK4A214 group","Unclassified","1_DIM","ASV253"
"91",4.332407745155,0.0103869253235098,0.0034635773506513,2.99890092581782,0.00270955399983893,0.0466912337917402,"Bacteria","Proteobacteria","Alphaproteobacteria","Rhizobiales","Rhizobiaceae","Neorhizobium","Unclassified","1_DIM","ASV270"
"92",12.1068451819572,0.0106485820739809,0.00351942342167909,3.02566096718778,0.00248090311052744,0.044938890521073,"Bacteria","Firmicutes","Bacilli","Lactobacillales","Streptococcaceae","Streptococcus","Unclassified","1_DIM","ASV271"
"93",38.6980037146131,-0.0117991374203417,0.00311528152389579,-3.78750277618131,0.000152168985316409,0.00588523832399408,"Bacteria","Bacteroidota","Bacteroidia","Bacteroidales","Prevotellaceae","Prevotella","Unclassified","1_DIM","ASV284"
"94",2.23598562536648,0.0119556234941314,0.00317994149642013,3.75969919811124,0.000170117777944991,0.00632937251788968,"Bacteria","Firmicutes","Clostridia","Unclassified","Unclassified","Unclassified","Unclassified","1_DIM","ASV287"
"95",13.447266775447,0.0157682373126325,0.00307430882412578,5.12903491961851,2.9123132284315e-07,4.63057803320608e-05,"Bacteria","Bacteroidota","Bacteroidia","Flavobacteriales","Flavobacteriaceae","Unclassified","Unclassified","1_DIM","ASV317"
"96",4.77217291124991,0.0117447490249129,0.00390673570894563,3.00628194480108,0.00264463656947145,0.0466912337917402,"Bacteria","Bacteroidota","Bacteroidia","Bacteroidales","Prevotellaceae","Prevotella","Unclassified","1_DIM","ASV319"
"97",16.0072537356754,-0.00796382547312803,0.00250964023227278,-3.17329367401631,0.00150719985682021,0.0353574261493396,"Bacteria","Firmicutes","Clostridia","Lachnospirales","Lachnospiraceae","Unclassified","Unclassified","1_DIM","ASV334"
"98",12.4486417492041,0.0123457206403989,0.00366574684179763,3.36785958583674,0.000757541670777813,0.0212557280565304,"Bacteria","Firmicutes","Bacilli","Lactobacillales","Streptococcaceae","Streptococcus","Unclassified","1_DIM","ASV336"
"99",9.45066083385394,-0.0186127599565905,0.00376430069966367,-4.94454652845705,7.6321312079648e-07,9.10131646549803e-05,"Bacteria","Firmicutes","Negativicutes","Acidaminococcales","Acidaminococcaceae","Succiniclasticum","ruminis","1_DIM","ASV364"
"100",6.45475005027687,-0.0135577028434184,0.00344058265827413,-3.9405252510978,8.13033914336317e-05,0.00402998488973016,"Bacteria","Firmicutes","Negativicutes","Acidaminococcales","Acidaminococcaceae","Succiniclasticum","Unclassified","1_DIM","ASV419"
"101",2.82357876772295,0.0116946915190209,0.00269983558145248,4.33163100722204,1.48008838906492e-05,0.0011567133062085,"Bacteria","Firmicutes","Clostridia","Clostridia UCG-014","Unclassified","Unclassified","Unclassified","1_DIM","ASV433"
"102",14.2287829668666,-0.00781967519091756,0.00257623102872899,-3.03531597271983,0.00240283809446496,0.044938890521073,"Bacteria","Fibrobacterota","Fibrobacteria","Fibrobacterales","Fibrobacteraceae","Fibrobacter","succinogenes","1_DIM","ASV436"
"103",14.2978243801279,-0.0164535242778026,0.00358333780568496,-4.59167546294383,4.39701745937014e-06,0.000419475465623911,"Bacteria","Bacteroidota","Bacteroidia","Bacteroidales","Prevotellaceae","Prevotella","Unclassified","1_DIM","ASV438"
"104",13.5426471238651,-0.010995777595113,0.00314571479206295,-3.49547823688811,0.000473213041544723,0.0138197522949081,"Bacteria","Bacteroidota","Bacteroidia","Bacteroidales","Prevotellaceae","Prevotella","Unclassified","1_DIM","ASV455"
"105",5.81427893688509,0.0222618400232488,0.0058482748637584,3.80656527640396,0.000140910113396922,0.00560117700752766,"Bacteria","Firmicutes","Bacilli","Lactobacillales","Streptococcaceae","Streptococcus","Unclassified","1_DIM","ASV491"
"106",16.4181753401881,0.0105784846772221,0.00330195381637137,3.2037046141509,0.0013567159523745,0.0340607110148755,"Bacteria","Proteobacteria","Gammaproteobacteria","Enterobacterales","Pasteurellaceae","Aggregatibacter","Unclassified","1_DIM","ASV520"
"107",4.16788562071428,0.0209722297747092,0.00430234097643238,4.8746089372256,1.09024210016718e-06,0.000120010495795325,"Bacteria","Firmicutes","Clostridia","Lachnospirales","Lachnospiraceae","Unclassified","Unclassified","1_DIM","ASV530"
"108",8.98464666741238,0.00957483031888118,0.0025575986071505,3.7436798300218,0.000181344705264484,0.00632937251788968,"Bacteria","Fusobacteriota","Fusobacteriia","Fusobacteriales","Leptotrichiaceae","Unclassified","Unclassified","1_DIM","ASV555"
"109",3.43806035372849,-0.0176607533881629,0.00461509961161684,-3.82673287131406,0.000129855300855504,0.00530922672926359,"Bacteria","Firmicutes","Clostridia","Oscillospirales","Oscillospiraceae","NK4A214 group","Unclassified","1_DIM","ASV582"
"110",1.88335760947619,0.0107648914406202,0.00358772581966272,3.00047773484323,0.0026955645996094,0.0466912337917402,"Bacteria","Firmicutes","Clostridia","Lachnospirales","Lachnospiraceae","[Eubacterium] ventriosum group","Unclassified","1_DIM","ASV595"
"111",4.67301416405304,0.0110438986554844,0.00288169816483447,3.83242727855879,0.000126885113234946,0.00530922672926359,"Bacteria","Bacteroidota","Bacteroidia","Bacteroidales","Prevotellaceae","Prevotella","Unclassified","1_DIM","ASV623"
"112",6.65907548128034,-0.0161902123969645,0.00379546899493965,-4.26566846377885,1.99304558857963e-05,0.00135811820821783,"Bacteria","Bacteroidota","Bacteroidia","Bacteroidales","Prevotellaceae","Prevotellaceae NK3B31 group","Unclassified","1_DIM","ASV655"
"113",5.12452604735237,-0.012762401757413,0.00340612410873301,-3.74689863023231,0.000179034393389733,0.00632937251788968,"Bacteria","Bacteroidota","Bacteroidia","Bacteroidales","Prevotellaceae","Prevotella","Unclassified","1_DIM","ASV661"
"114",3.28290170030165,0.0196601819165127,0.00499059513860143,3.93944637272706,8.16698545088573e-05,0.00402998488973016,"Bacteria","Actinobacteriota","Actinobacteria","Bifidobacteriales","Bifidobacteriaceae","Bifidobacterium","Unclassified","1_DIM","ASV697"
"115",2.44182203849667,-0.012228618148636,0.00346582011934772,-3.52834761399488,0.000418162633202108,0.013008494089396,"Bacteria","Bacteroidota","Bacteroidia","Bacteroidales","Prevotellaceae","Prevotella","Unclassified","1_DIM","ASV752"
"116",9.08357819577142,0.0118915865090816,0.00308483781371607,3.85484982588331,0.000115800689996833,0.00502153901168087,"Bacteria","Proteobacteria","Gammaproteobacteria","Burkholderiales","Neisseriaceae","Unclassified","Unclassified","1_DIM","ASV763"
"117",4.15846465536694,-0.0162958333821966,0.00339968516364936,-4.7933360290057,1.64030533772597e-06,0.00016766263844899,"Bacteria","Firmicutes","Negativicutes","Acidaminococcales","Acidaminococcaceae","Succiniclasticum","Unclassified","1_DIM","ASV809"
"118",2.38138839172281,0.00740445024252912,0.00242844290602574,3.04905263539708,0.00229564256727378,0.0438008601835837,"Bacteria","Bacteroidota","Bacteroidia","Bacteroidales","Prevotellaceae","Prevotellaceae UCG-001","Unclassified","1_DIM","ASV842"
"119",3.61591368546822,0.0190051191486154,0.00515397062299545,3.68747137669361,0.000226493561316697,0.00753749502893474,"Bacteria","Proteobacteria","Gammaproteobacteria","Burkholderiales","Burkholderiaceae","Lautropia","Unclassified","1_DIM","ASV855"
"120",2.46423499048921,0.00914440559992124,0.0029145478141047,3.13750406003555,0.00170392914246928,0.038098790669899,"Bacteria","Bacteroidota","Bacteroidia","Bacteroidales","Unclassified","Unclassified","Unclassified","1_DIM","ASV861"
"121",2.73751225578218,-0.0103662712543542,0.00342166666703091,-3.02959705404307,0.00244880209933472,0.044938890521073,"Bacteria","Bacteroidota","Bacteroidia","Bacteroidales","Prevotellaceae","Prevotella","Unclassified","1_DIM","ASV924"
"122",1.19451748129982,0.0122785010482877,0.00327455312975075,3.74967226420366,0.00017706582893129,0.00632937251788968,"Bacteria","Firmicutes","Clostridia","Clostridia UCG-014","Unclassified","Unclassified","Unclassified","1_DIM","ASV946"
"123",4.61000379822583,0.0181198933223809,0.00541473368544774,3.34640526662994,0.000818666478872127,0.0225290717551156,"Bacteria","Bacteroidota","Bacteroidia","Flavobacteriales","Weeksellaceae","Bergeyella","Unclassified","1_DIM","ASV976"
"124",2.38760174561777,-0.0102890550973303,0.00328742346095884,-3.12982346799012,0.00174911381588757,0.0385074133928479,"Bacteria","Synergistota","Synergistia","Synergistales","Synergistaceae","Pyramidobacter","Unclassified","1_DIM","ASV1021"
"125",0.999828633424048,0.0091033641216319,0.00302395214374227,3.01041937468167,0.00260887200387235,0.0466661979692666,"Bacteria","Bacteroidota","Bacteroidia","Bacteroidales","Prevotellaceae","Prevotella","Unclassified","1_DIM","ASV1025"
"126",1.17583927099687,0.0130574335385228,0.00371024705367756,3.51928951081044,0.000432704241306104,0.013174463176788,"Bacteria","Bacteroidota","Bacteroidia","Bacteroidales","Prevotellaceae","Unclassified","Unclassified","1_DIM","ASV1041"
"127",14.6988760425208,0.0176230139501985,0.00333805355572555,5.27942816255026,1.29587672083178e-07,3.09066597918379e-05,"Bacteria","Proteobacteria","Gammaproteobacteria","Burkholderiales","Oxalobacteraceae","Janthinobacterium","Unclassified","1_DIM","ASV1099"
"128",1.34784295853556,0.0135553341115936,0.00436504755793148,3.10542644305511,0.00190004872457884,0.0401504062451773,"Bacteria","Firmicutes","Clostridia","Lachnospirales","Lachnospiraceae","Lachnospiraceae NK3A20 group","Unclassified","1_DIM","ASV1138"
"129",4.25862735119825,0.0205249541766855,0.006539208417645,3.13875210358829,0.00169668916757312,0.038098790669899,"Bacteria","Proteobacteria","Alphaproteobacteria","Rhizobiales","Rhizobiaceae","Unclassified","Unclassified","1_DIM","ASV1220"
"130",5.48008511318615,-0.0194810157061927,0.00611995382460662,-3.18319651822616,0.00145658717474848,0.0352841097508675,"Bacteria","Bacteroidota","Bacteroidia","Flavobacteriales","Weeksellaceae","Bergeyella","Unclassified","1_DIM","ASV1311"
"131",1.91480411311306,-0.00768446674395012,0.00243268821992389,-3.15883748727593,0.00158399791391159,0.0365596937872176,"Bacteria","Firmicutes","Clostridia","Lachnospirales","Lachnospiraceae","Unclassified","Unclassified","1_DIM","ASV1314"
"132",3.49187295500725,0.0125443313813535,0.00414275647315913,3.0280156370832,0.00246165349083946,0.044938890521073,"Bacteria","Firmicutes","Bacilli","Staphylococcales","Staphylococcaceae","Unclassified","Unclassified","1_DIM","ASV1329"
"133",5.4440949003682,0.0174638760105407,0.00383093690761442,4.55864359860097,5.14850563296491e-06,0.000460469472548299,"Bacteria","Actinobacteriota","Actinobacteria","Micrococcales","Micrococcaceae","Garicola","Unclassified","1_DIM","ASV1479"
"134",2.77464676309145,-0.0167400817321569,0.00558858265164493,-2.9954073824478,0.00274078521209377,0.0466912337917402,"Bacteria","Bacteroidota","Bacteroidia","Bacteroidales","Prevotellaceae","Prevotellaceae UCG-004","Unclassified","1_DIM","ASV1516"
"135",1.96099520618314,-0.0143713166138251,0.0043345903820947,-3.31549589395807,0.00091480684975568,0.0242423815185255,"Bacteria","Firmicutes","Negativicutes","Acidaminococcales","Acidaminococcaceae","Succiniclasticum","Unclassified","1_DIM","ASV1550"
"136",2.64726729637836,-0.0118228129825006,0.00290915217427683,-4.0640063751356,4.82375073446144e-05,0.00287616137542263,"Bacteria","Firmicutes","Clostridia","Lachnospirales","Lachnospiraceae","Acetitomaculum","Unclassified","1_DIM","ASV1607"
"137",1.19536716037729,-0.0115041838595329,0.00307844557515851,-3.73701063691553,0.00018622104871738,0.00634481715987073,"Bacteria","Firmicutes","Clostridia","Lachnospirales","Lachnospiraceae","Moryella","Unclassified","1_DIM","ASV1722"
"138",2.68645283149238,-0.0167827124143051,0.00398242334332627,-4.21419597251746,2.50669563852851e-05,0.00163049157215195,"Bacteria","Firmicutes","Clostridia","Lachnospirales","Lachnospiraceae","[Ruminococcus] gauvreauii group","Unclassified","1_DIM","ASV1821"
"139",1.25978828117926,0.0126696383013479,0.00408733518306152,3.09973068855538,0.00193696674464629,0.0401504062451773,"Bacteria","Firmicutes","Bacilli","Lactobacillales","Carnobacteriaceae","Unclassified","Unclassified","1_DIM","ASV2023"
"140",2.09203848923137,-0.0136884597579918,0.00447256398039057,-3.06053973023243,0.00220938445628545,0.0427350095340197,"Bacteria","Bacteroidota","Bacteroidia","Bacteroidales","Prevotellaceae","Prevotellaceae UCG-001","Unclassified","1_DIM","ASV2034"
"141",2.58934840156602,0.017372926044807,0.00543926533152369,3.19398392722651,0.0014032392973572,0.0346213005951405,"Bacteria","Firmicutes","Bacilli","Staphylococcales","Staphylococcaceae","Unclassified","Unclassified","1_DIM","ASV2108"
"142",2.14794299826816,0.0159357932252363,0.00513572827573525,3.10292764134895,0.00191616484304074,0.0401504062451773,"Bacteria","Actinobacteriota","Actinobacteria","Corynebacteriales","Corynebacteriaceae","Corynebacterium","Unclassified","1_DIM","ASV2179"
"143",1.60768993495605,0.0163279687984033,0.00495951417759707,3.2922516629067,0.000993886306986124,0.0258591146417662,"Bacteria","Patescibacteria","Gracilibacteria","Unclassified","Unclassified","Unclassified","Unclassified","1_DIM","ASV2441"
"144",1.57798395647073,0.0159811985250895,0.00502760381551211,3.17869090555253,0.00147941759961709,0.0352841097508675,"Bacteria","Bacteroidota","Bacteroidia","Flavobacteriales","Weeksellaceae","Unclassified","Unclassified","1_DIM","ASV3286"
"145",2.14337010016853,-0.0150218863489768,0.0048526289731279,-3.09561815505833,0.00196403105322321,0.0401504062451773,"Bacteria","Actinobacteriota","Actinobacteria","Bifidobacteriales","Bifidobacteriaceae","Unclassified","Unclassified","1_DIM","ASV3355"
"146",9.42745196868693,0.0350239900672486,0.00764023207292851,4.58415264522506,4.55831158433276e-06,0.0281293407869174,"Bacteria","Proteobacteria","Gammaproteobacteria","Pseudomonadales","Moraxellaceae","Unclassified","Unclassified","2_DIM","ASV120"
"147",1.65536678913617,-1.61722394223999,0.0160717735862948,-100.625107338438,0,0,"Bacteria","Bacteroidota","Bacteroidia","Cytophagales","Spirosomaceae","Spirosoma","Unclassified","3_DIM","ASV4909"
"148",1.96652596002643,-1.60072793179088,0.0160712653318298,-99.6018607583167,0,0,"Bacteria","Myxococcota","Polyangia","Haliangiales","Haliangiaceae","Haliangium","Unclassified","3_DIM","ASV6957"
"149",1044.60485583765,0.0199287786902602,0.00547652216160377,3.63894787644283,0.000273754195926936,0.016540516680217,"Bacteria","Proteobacteria","Gammaproteobacteria","Enterobacterales","Succinivibrionaceae","Succinivibrionaceae UCG-001","Unclassified","All_Vol","ASV1"
"150",418.271001322094,-0.0228664296037916,0.00634889316099451,-3.60164032122565,0.000316215665212075,0.0172864563649268,"Bacteria","Proteobacteria","Gammaproteobacteria","Enterobacterales","Pasteurellaceae","Bibersteinia","Unclassified","All_Vol","ASV8"
"151",189.00150948856,-0.0292950812105196,0.00742159898613085,-3.94727352761379,7.90462312050453e-05,0.0072088947004102,"Bacteria","Proteobacteria","Gammaproteobacteria","Pseudomonadales","Moraxellaceae","Moraxella","Unclassified","All_Vol","ASV19"
"152",88.8430829328306,0.0169055378054787,0.00557880663382355,3.03031435127768,0.00244299324507175,0.0475348516159724,"Bacteria","Firmicutes","Negativicutes","Acidaminococcales","Acidaminococcaceae","Succiniclasticum","Unclassified","All_Vol","ASV23"
"153",50.0138764144496,0.0185419438876014,0.00572163114184781,3.24067445592329,0.00119247280338237,0.0304213061840659,"Bacteria","Bacteroidota","Bacteroidia","Bacteroidales","Prevotellaceae","Unclassified","Unclassified","All_Vol","ASV54"
"154",47.746726008589,0.0281998746497366,0.00666934154212022,4.22828467722642,2.35479727154697e-05,0.0033791340846699,"Bacteria","Bacteroidota","Bacteroidia","Bacteroidales","Prevotellaceae","Unclassified","Unclassified","All_Vol","ASV59"
"155",42.659984780726,0.0275625006810438,0.00762336558301237,3.61552917552099,0.000299734713445172,0.0172047725517529,"Bacteria","Bacteroidota","Bacteroidia","Bacteroidales","Prevotellaceae","Prevotella","Unclassified","All_Vol","ASV65"
"156",55.8322769732881,0.0281049269479701,0.00870797651760313,3.22749227574927,0.00124880412620592,0.0306958493880118,"Bacteria","Bacteroidota","Bacteroidia","Bacteroidales","Prevotellaceae","Prevotella_7","Unclassified","All_Vol","ASV66"
"157",120.161332052026,0.0392761427462426,0.00919735028605571,4.27037587181929,1.95143807181466e-05,0.00320035843777604,"Bacteria","Proteobacteria","Gammaproteobacteria","Burkholderiales","Neisseriaceae","Neisseria","Unclassified","All_Vol","ASV75"
"158",37.3378370134078,0.0600992057012667,0.0140713641581743,4.27102909324923,1.94573020446001e-05,0.00320035843777604,"Bacteria","Firmicutes","Bacilli","Lactobacillales","Lactobacillaceae","Leuconostoc","Unclassified","All_Vol","ASV90"
"159",24.9283797678171,0.0237411693198408,0.00668603373101917,3.55085993803712,0.000383974698035717,0.0183667897227085,"Bacteria","Bacteroidota","Bacteroidia","Bacteroidales","Prevotellaceae","Unclassified","Unclassified","All_Vol","ASV103"
"160",29.4554543781062,0.0252312760816409,0.00627214094005298,4.02275336648092,5.75217221433418e-05,0.00600317609277785,"Bacteria","Bacteroidota","Bacteroidia","Bacteroidales","Prevotellaceae","Prevotella","Unclassified","All_Vol","ASV112"
"161",19.2373085548847,0.0205317152260904,0.00590391614267311,3.47764343698727,0.000505842324638564,0.0215076662475952,"Bacteria","Bacteroidota","Bacteroidia","Bacteroidales","Prevotellaceae","Prevotella","Unclassified","All_Vol","ASV123"
"162",46.9354748648335,0.0562727722431718,0.0117247528716824,4.7994847191263,1.59074371980122e-06,0.000608724596777266,"Bacteria","Proteobacteria","Gammaproteobacteria","Burkholderiales","Neisseriaceae","Unclassified","Unclassified","All_Vol","ASV133"
"163",72.4614396439288,0.0320352663518988,0.00997574795203667,3.21131473107822,0.00132129137958667,0.0306958493880118,"Bacteria","Proteobacteria","Gammaproteobacteria","Enterobacterales","Pasteurellaceae","Unclassified","Unclassified","All_Vol","ASV134"
"164",16.8627545526441,0.0413309772665555,0.0109878658030208,3.76151092555142,0.000168890042605189,0.0115616435396541,"Bacteria","Bacteroidota","Bacteroidia","Bacteroidales","Prevotellaceae","Prevotella_7","Unclassified","All_Vol","ASV148"
"165",56.3687320597502,0.0595200573734171,0.0115768535700492,5.14129828223819,2.7284648430604e-07,0.000156613881991667,"Bacteria","Proteobacteria","Gammaproteobacteria","Burkholderiales","Neisseriaceae","Unclassified","Unclassified","All_Vol","ASV154"
"166",19.4953868112633,0.0237740773296736,0.00666071484189361,3.56929817504614,0.000357938847659521,0.0178658172657883,"Bacteria","Bacteroidota","Bacteroidia","Bacteroidales","Prevotellaceae","Prevotella","Unclassified","All_Vol","ASV163"
"167",2.4118254658522,0.0623742171655803,0.0192209035927938,3.24512408401888,0.00117399455165774,0.0304213061840659,"Bacteria","Firmicutes","Bacilli","Lactobacillales","Lactobacillaceae","Weissella","Unclassified","All_Vol","ASV165"
"168",15.388118270413,0.0206560937640306,0.00655374915879251,3.15179804163216,0.00162268464765944,0.0344970736206119,"Bacteria","Bacteroidota","Bacteroidia","Bacteroidales","Prevotellaceae","Prevotella","Unclassified","All_Vol","ASV166"
"169",18.2150968841951,0.0223523542843832,0.00724751855941154,3.08413895061458,0.00204142226323177,0.0404060820377598,"Bacteria","Bacteroidota","Bacteroidia","Bacteroidales","Prevotellaceae","Prevotella","bryantii","All_Vol","ASV174"
"170",68.6637991700654,0.0339422945900584,0.00903177185140857,3.75809920229161,0.000171209007120314,0.0115616435396541,"Bacteria","Proteobacteria","Gammaproteobacteria","Pseudomonadales","Moraxellaceae","Acinetobacter","lwoffii","All_Vol","ASV181"
"171",14.0179207437025,0.0226956599712108,0.00656636016898785,3.45635319829085,0.000547537360010685,0.0218086411582297,"Bacteria","Bacteroidota","Bacteroidia","Bacteroidales","Prevotellaceae","Prevotella","Unclassified","All_Vol","ASV197"
"172",14.6318871163078,0.0347818410202758,0.0104982355136416,3.3131130440996,0.000922636802092081,0.0271586422769669,"Bacteria","Firmicutes","Negativicutes","Acidaminococcales","Acidaminococcaceae","Succiniclasticum","Unclassified","All_Vol","ASV201"
"173",16.9491801560044,-0.0328191966834245,0.00815820921667929,-4.02284322597738,5.74997723403231e-05,0.00600317609277785,"Bacteria","Bacteroidota","Bacteroidia","Bacteroidales","Prevotellaceae","Prevotella","ruminicola","All_Vol","ASV208"
"174",16.0367131996841,0.0204429750346636,0.00645137293089706,3.16877899536045,0.00153080748553937,0.0331578677999848,"Bacteria","Firmicutes","Clostridia","Lachnospirales","Lachnospiraceae","Unclassified","Unclassified","All_Vol","ASV221"
"175",8.35297053105361,-0.0212533074865315,0.00628915945670776,-3.37935579990163,0.000726559111901914,0.0245320547195117,"Bacteria","Firmicutes","Clostridia","Lachnospirales","Lachnospiraceae","Lachnospiraceae NK3A20 group","Unclassified","All_Vol","ASV255"
"176",10.4461438886797,0.0318126839380129,0.00819467977009379,3.88211435108327,0.000103552159187827,0.00792519191650838,"Bacteria","Bacteroidota","Bacteroidia","Bacteroidales","Prevotellaceae","Unclassified","Unclassified","All_Vol","ASV260"
"177",23.7871934053433,0.0751519308943313,0.0136620578316367,5.50077680979397,3.78121607742991e-08,4.34083605688954e-05,"Bacteria","Fusobacteriota","Fusobacteriia","Fusobacteriales","Fusobacteriaceae","Fusobacterium","necrophorum","All_Vol","ASV286"
"178",19.4868668183383,-0.0356274515209803,0.010713312868705,-3.32553076322943,0.000882503608811968,0.0268472983197728,"Bacteria","Firmicutes","Bacilli","Lactobacillales","Streptococcaceae","Unclassified","Unclassified","All_Vol","ASV311"
"179",8.48699534815653,-0.0382236160296134,0.00819456099811113,-4.66451052575288,3.09352498195717e-06,0.000887841669821709,"Bacteria","Firmicutes","Clostridia","Lachnospirales","Lachnospiraceae","Unclassified","Unclassified","All_Vol","ASV334"
"180",7.26972630192762,0.0192973673902497,0.00601551481049064,3.20793282007991,0.00133692723815382,0.0306958493880118,"Bacteria","Bacteroidota","Bacteroidia","Bacteroidales","Prevotellaceae","Prevotella","Unclassified","All_Vol","ASV347"
"181",13.9601655982828,-0.021791068450204,0.00619782027480607,-3.51592454830998,0.000438225503564252,0.0195227145726885,"Bacteria","Bacteroidota","Bacteroidia","Bacteroidales","Prevotellaceae","Unclassified","Unclassified","All_Vol","ASV393"
"182",1.74423826724454,-0.0338854465714377,0.0102594758618717,-3.3028438321464,0.000957096733095938,0.0273846085561395,"Bacteria","Bacteroidota","Bacteroidia","Bacteroidales","Prevotellaceae","Prevotella","Unclassified","All_Vol","ASV434"
"183",6.2208315031083,-0.0397216732799319,0.0118532335170471,-3.35112551548107,0.000804838138899417,0.0256653939849036,"Bacteria","Bacteroidota","Bacteroidia","Bacteroidales","Prevotellaceae","Prevotella","Unclassified","All_Vol","ASV438"
"184",6.10045335894289,-0.0299835841405249,0.00853368741057661,-3.51355547701026,0.000442152072203745,0.0195227145726885,"Bacteria","Bacteroidota","Bacteroidia","Bacteroidales","Prevotellaceae","Prevotella","Unclassified","All_Vol","ASV455"
"185",4.4084891701369,0.0243751013914999,0.00710826605761329,3.42912057510748,0.000605540447350373,0.0220505298570658,"Bacteria","Bacteroidota","Bacteroidia","Bacteroidales","Prevotellaceae","Prevotella","Unclassified","All_Vol","ASV471"
"186",3.11773881276624,0.0215909688261854,0.00672748540431263,3.20936687760698,0.00133027631507099,0.0306958493880118,"Bacteria","Firmicutes","Clostridia","Clostridia UCG-014","Unclassified","Unclassified","Unclassified","All_Vol","ASV498"
"187",7.69444455648725,0.0267727270430799,0.0068244773987006,3.92304428294796,8.74370723488278e-05,0.0072088947004102,"Bacteria","Bacteroidota","Bacteroidia","Bacteroidales","Prevotellaceae","Prevotella","Unclassified","All_Vol","ASV500"
"188",3.5799286498934,0.0213268122394528,0.00677923877053385,3.14590073625233,0.00165576191104201,0.0345602667977496,"Bacteria","Firmicutes","Clostridia","Clostridia UCG-014","Unclassified","Unclassified","Unclassified","All_Vol","ASV504"
"189",2.89216082658692,0.0259691697355138,0.00814560419547584,3.18812074737652,0.00143200723994812,0.0316467293460665,"Bacteria","Firmicutes","Clostridia","Clostridia UCG-014","Unclassified","Unclassified","Unclassified","All_Vol","ASV539"
"190",4.88569959699648,0.0252781410448323,0.00766753839705983,3.29677397566413,0.000978021734147841,0.0273846085561395,"Bacteria","Bacteroidota","Bacteroidia","Bacteroidales","Prevotellaceae","Prevotella","Unclassified","All_Vol","ASV573"
"191",3.88123725644725,0.0244608407820194,0.00683429604953364,3.57913098945846,0.000344738652384345,0.0178658172657883,"Bacteria","Bacteroidota","Bacteroidia","Bacteroidales","Unclassified","Unclassified","Unclassified","All_Vol","ASV599"
"192",13.0376175156856,0.0395195842008069,0.0127058297824118,3.11035051449472,0.0018686545299112,0.0376353579006677,"Bacteria","Fusobacteriota","Fusobacteriia","Fusobacteriales","Leptotrichiaceae","Caviibacter","abscessus","All_Vol","ASV710"
"193",6.55883767228386,0.0618424958034868,0.0180558524913845,3.42506651696426,0.000614648915876398,0.0220505298570658,"Bacteria","Bacteroidota","Bacteroidia","Bacteroidales","Bacteroidaceae","Bacteroides","Unclassified","All_Vol","ASV740"
"194",7.1243180034349,-0.0452464168580537,0.0131371078780113,-3.44416878343418,0.000572817992513504,0.0219198351801834,"Bacteria","Firmicutes","Bacilli","Lactobacillales","Streptococcaceae","Streptococcus","Unclassified","All_Vol","ASV799"
"195",3.73708265600154,0.0524339145357891,0.0129430922098785,4.05111187385113,5.09748263955877e-05,0.00600317609277785,"Bacteria","Firmicutes","Bacilli","Lactobacillales","Streptococcaceae","Streptococcus","ferus","All_Vol","ASV819"
"196",6.54114650978044,0.089311330011081,0.0285013605599644,3.13358128371373,0.00172687082178778,0.0354008518466495,"Bacteria","Bacteroidota","Bacteroidia","Bacteroidales","Porphyromonadaceae","Porphyromonas","levii","All_Vol","ASV900"
"197",1.60100060437856,0.028171646796522,0.00767826401591694,3.66901251873114,0.000243489157238847,0.0155291973616776,"Bacteria","Spirochaetota","Spirochaetia","Spirochaetales","Spirochaetaceae","Treponema","Unclassified","All_Vol","ASV1077"
"198",3.39015028603696,0.0711459600079288,0.0161290186927459,4.41105323040681,1.02869023323154e-05,0.00236187277549962,"Bacteria","Bacteroidota","Bacteroidia","Flavobacteriales","Flavobacteriaceae","Flavobacterium","Unclassified","All_Vol","ASV1118"
"199",6.19901744939886,0.0328228952331603,0.0102963309673413,3.18782441408212,0.00143347554529221,0.0316467293460665,"Bacteria","Firmicutes","Bacilli","Lactobacillales","Carnobacteriaceae","Jeotgalibaca","dankookensis","All_Vol","ASV1145"
"200",3.89265358900091,0.0461422330529411,0.0143488010413924,3.2157553038636,0.00130101713564928,0.0306958493880118,"Bacteria","Actinobacteriota","Actinobacteria","Actinomycetales","Actinomycetaceae","Actinomyces","Unclassified","All_Vol","ASV1366"
"201",3.21422693862911,-0.0588505986724049,0.0177069473682565,-3.32358804984687,0.000888673637762514,0.0268472983197728,"Bacteria","Bacteroidota","Bacteroidia","Bacteroidales","Prevotellaceae","Prevotella","Unclassified","All_Vol","ASV1387"
"202",4.36559359742812,0.0553619115454041,0.0169507879258861,3.26603764895548,0.00109063748032085,0.0291174843583334,"Bacteria","Proteobacteria","Gammaproteobacteria","Pseudomonadales","Moraxellaceae","Acinetobacter","Unclassified","All_Vol","ASV1401"
"203",2.47706051678333,0.075110207416798,0.0191522863475781,3.9217358206581,8.79133500050025e-05,0.0072088947004102,"Bacteria","Proteobacteria","Gammaproteobacteria","Cardiobacteriales","Cardiobacteriaceae","Suttonella","Unclassified","All_Vol","ASV1608"
"204",2.57306892011796,0.0501812784744574,0.0147528030403349,3.40147416984144,0.000670234621422037,0.0233160407694697,"Bacteria","Firmicutes","Bacilli","Lactobacillales","Carnobacteriaceae","Unclassified","Unclassified","All_Vol","ASV1762"
"205",13.2135455701729,0.0896708954454619,0.0267171241639765,3.35630792053464,0.000789905688470066,0.0256653939849036,"Bacteria","Proteobacteria","Gammaproteobacteria","Thiotrichales","Thiotrichaceae","Thiothrix","Unclassified","All_Vol","ASV1767"
"206",3.19743261004444,-0.0497848606134375,0.0151980358748964,-3.2757430646463,0.00105384387076913,0.028805065801023,"Bacteria","Patescibacteria","Gracilibacteria","Unclassified","Unclassified","Unclassified","Unclassified","All_Vol","ASV2441"
"207",2.15541656020011,0.065425826764202,0.0189382339173257,3.45469525034997,0.000550915151209635,0.0218086411582297,"Bacteria","Bacteroidota","Bacteroidia","Flavobacteriales","Weeksellaceae","Empedobacter","stercoris","All_Vol","ASV2733"
"208",201.193319363617,0.0581001139862458,0.016080381337893,3.61310548334662,0.000302551548882315,0.0287666265138174,"Bacteria","Proteobacteria","Gammaproteobacteria","Burkholderiales","Neisseriaceae","Conchiformibius","Unclassified","1_Vol","ASV29"
"209",16.9042131464266,0.0633251392999076,0.0175899928812122,3.60006622672058,0.000318136141459698,0.0287666265138174,"Bacteria","Bacteroidota","Bacteroidia","Bacteroidales","Prevotellaceae","Unclassified","Unclassified","1_Vol","ASV103"
"210",27.8783570991412,0.0684062923445907,0.014940506483054,4.57857920828716,4.68144889843758e-06,0.00194046056840238,"Bacteria","Bacteroidota","Bacteroidia","Bacteroidales","Prevotellaceae","Prevotella","Unclassified","1_Vol","ASV112"
"211",16.3172231677493,0.0718931484146859,0.016282006472389,4.41549685762638,1.00778243958349e-05,0.00278483880804903,"Bacteria","Bacteroidota","Bacteroidia","Bacteroidales","Prevotellaceae","Prevotella","Unclassified","1_Vol","ASV163"
"212",12.9039145479223,0.0809744236304849,0.0166486511492287,4.86372276676819,1.15198237719773e-06,0.000954993390696919,"Bacteria","Bacteroidota","Bacteroidia","Bacteroidales","Prevotellaceae","Prevotella","Unclassified","1_Vol","ASV166"
"213",9.41563488284248,0.0621408480167214,0.017473874428763,3.55621463746093,0.00037623673280916,0.0287666265138174,"Bacteria","Bacteroidota","Bacteroidia","Bacteroidales","Prevotellaceae","Prevotella","Unclassified","1_Vol","ASV197"
"214",7.86448710213706,0.0545655741414102,0.0162747401433247,3.35277698205161,0.000800051443745968,0.041452665429088,"Bacteria","Bacteroidota","Bacteroidia","Bacteroidales","Rikenellaceae","Rikenellaceae RC9 gut group","Unclassified","1_Vol","ASV254"
"215",11.0779444737413,0.0956017914756152,0.0222330667797304,4.29998220320978,1.7081182600092e-05,0.00354007509386907,"Bacteria","Bacteroidota","Bacteroidia","Bacteroidales","Prevotellaceae","Prevotella","Unclassified","1_Vol","ASV268"
"216",8.38912552981304,0.06795781989181,0.0199650776465484,3.40383449014828,0.000664470023133731,0.0391357344587538,"Bacteria","Bacteroidota","Bacteroidia","Bacteroidales","Muribaculaceae","Unclassified","Unclassified","1_Vol","ASV397"
"217",3.78952274875538,-0.086681015117241,0.0247065032297574,-3.50842910917637,0.000450761348594417,0.031140096498731,"Bacteria","Bacteroidota","Bacteroidia","Bacteroidales","Prevotellaceae","Prevotella","Unclassified","1_Vol","ASV434"
"218",26.8251155245575,0.160136883780646,0.0380199020367676,4.21192257743809,2.53206336705977e-05,0.00419816106258509,"Bacteria","Proteobacteria","Gammaproteobacteria","Enterobacterales","Pasteurellaceae","Mannheimia","haemolytica","1_Vol","ASV447"
"219",5.98401660794322,0.0633769464556656,0.0187150632646092,3.38641369038348,0.000708125472715689,0.0391357344587538,"Bacteria","Bacteroidota","Bacteroidia","Bacteroidales","Prevotellaceae","Prevotella","Unclassified","1_Vol","ASV470"
"220",2.40359489853404,0.0798059312475721,0.0232364642984878,3.43451267896922,0.000593620301023301,0.0378547099652551,"Bacteria","Firmicutes","Clostridia","Clostridia UCG-014","Unclassified","Unclassified","Unclassified","1_Vol","ASV539"
"221",4.28631118450493,0.0775173237913842,0.0207545429380624,3.73495692112896,0.000187747322816633,0.0259404217691648,"Bacteria","Bacteroidota","Bacteroidia","Bacteroidales","Prevotellaceae","Prevotella","Unclassified","1_Vol","ASV573"
"222",2.69769313894112,0.0732781388925196,0.0202412212392993,3.62024296983853,0.000294326501805243,0.0287666265138174,"Bacteria","Bacteroidota","Bacteroidia","Bacteroidales","Prevotellaceae","Prevotella","Unclassified","1_Vol","ASV616"
"223",2.96652998694487,0.0686132975604206,0.0193145201823408,3.5524205060581,0.000381704332511449,0.0287666265138174,"Bacteria","Bacteroidota","Bacteroidia","Bacteroidales","Prevotellaceae","Prevotella","Unclassified","1_Vol","ASV711"
"224",140.593749911757,0.0756972071667089,0.0161042816273772,4.70043985309001,2.59601712161174e-06,0.0160200216574661,"Bacteria","Proteobacteria","Gammaproteobacteria","Pseudomonadales","Moraxellaceae","Acinetobacter","lwoffii","2_Vol","ASV181"
